time_s,pressure_psi,thrust_lbf,web_in,burn_area_in2
0,14.6959,0,0,1207.84
0.002,76.0932,88.1353,0.000228935,1207.96
0.004,148.152,810.904,0.000552841,1208.12
0.006,219.24,1523.93,0.000939369,1208.32
0.008,284.902,2182.54,0.00137157,1208.54
0.01,343.497,2770.26,0.00183852,1208.78
0.012,394.701,3283.84,0.00233257,1209.03
0.014,438.834,3726.5,0.00284806,1209.29
0.016,476.51,4104.41,0.0033807,1209.56
0.018,508.455,4424.82,0.00392716,1209.79
0.02,535.387,4694.96,0.00448481,1209.9
0.022,558.002,4921.79,0.00505156,1210.01
0.024,576.937,5111.71,0.00562574,1210.13
0.026,592.755,5270.37,0.006206,1210.25
0.028,605.949,5402.71,0.00679124,1210.37
0.03,616.94,5512.95,0.00738058,1210.48
0.032,626.089,5604.71,0.00797328,1210.6
0.034,633.7,5681.06,0.00856877,1210.72
0.036,640.031,5744.56,0.00916654,1210.84
0.038,645.298,5797.38,0.00976621,1210.97
0.04,649.679,5841.33,0.0103674,1211.09
0.042,653.327,5877.92,0.01097,1211.21
0.044,656.367,5908.41,0.0115736,1211.36
0.046,658.91,5933.92,0.0121781,1211.55
0.048,661.043,5955.31,0.0127834,1211.73
0.05,662.835,5973.29,0.0133892,1211.91
0.052,664.346,5988.44,0.0139957,1212.1
0.054,665.623,6001.25,0.0146025,1212.28
0.056,666.707,6012.13,0.0152097,1212.46
0.058,667.632,6021.4,0.0158173,1212.65
0.06,668.424,6029.35,0.0164251,1212.83
0.062,669.107,6036.2,0.0170332,1213.02
0.064,669.7,6042.14,0.0176414,1213.2
0.066,670.217,6047.33,0.0182499,1213.38
0.068,670.672,6051.9,0.0188585,1213.57
0.07,671.078,6055.97,0.0194672,1213.78
0.072,671.445,6059.65,0.020076,1213.98
0.074,671.778,6062.99,0.020685,1214.19
0.076,672.085,6066.06,0.0212941,1214.4
0.078,672.368,6068.91,0.0219032,1214.6
0.08,672.633,6071.57,0.0225125,1214.81
0.082,672.883,6074.07,0.0231218,1215.01
0.084,673.12,6076.45,0.0237312,1215.22
0.086,673.346,6078.71,0.0243407,1215.43
0.088,673.563,6080.89,0.0249502,1215.63
0.09,673.773,6083,0.0255598,1215.84
0.092,673.978,6085.05,0.0261695,1216.05
0.094,674.178,6087.06,0.0267793,1216.27
0.096,674.377,6089.06,0.0273891,1216.5
0.098,674.575,6091.04,0.0279989,1216.73
0.1,674.773,6093.02,0.0286089,1216.96
0.102,674.969,6095,0.0292189,1217.18
0.104,675.165,6096.96,0.0298289,1217.41
0.106,675.361,6098.93,0.030439,1217.64
0.108,675.556,6100.89,0.0310492,1217.87
0.11,675.751,6102.84,0.0316594,1218.1
0.112,675.946,6104.8,0.0322698,1218.33
0.114,676.141,6106.75,0.0328801,1218.55
0.116,676.335,6108.7,0.0334905,1218.78
0.118,676.53,6110.65,0.034101,1219.02
0.12,676.727,6112.63,0.0347116,1219.27
0.122,676.926,6114.62,0.0353222,1219.51
0.124,677.127,6116.63,0.0359329,1219.76
0.126,677.328,6118.66,0.0365436,1220
0.128,677.532,6120.7,0.0371544,1220.25
0.13,677.736,6122.74,0.0377653,1220.5
0.132,677.941,6124.8,0.0383762,1220.74
0.134,678.146,6126.86,0.0389872,1220.99
0.136,678.352,6128.93,0.0395983,1221.23
0.138,678.559,6131,0.0402094,1221.48
0.14,678.766,6133.08,0.0408206,1221.73
0.142,678.974,6135.16,0.0414318,1221.98
0.144,679.182,6137.25,0.0420432,1222.23
0.146,679.392,6139.36,0.0426545,1222.48
0.148,679.603,6141.47,0.043266,1222.74
0.15,679.814,6143.59,0.0438775,1222.99
0.152,680.027,6145.72,0.0444891,1223.25
0.154,680.239,6147.86,0.0451008,1223.5
0.156,680.453,6150,0.0457125,1223.75
0.158,680.667,6152.14,0.0463243,1224.01
0.16,680.881,6154.29,0.0469361,1224.26
0.162,681.095,6156.44,0.047548,1224.52
0.164,681.31,6158.6,0.04816,1224.77
0.166,681.525,6160.75,0.0487721,1225.02
0.168,681.74,6162.91,0.0493842,1225.27
0.17,681.954,6165.05,0.0499964,1225.52
0.172,682.167,6167.2,0.0506087,1225.77
0.174,682.381,6169.33,0.051221,1226.02
0.176,682.593,6171.47,0.0518334,1226.26
0.178,682.806,6173.6,0.0524459,1226.51
0.18,683.018,6175.73,0.0530584,1226.76
0.182,683.231,6177.86,0.053671,1227.01
0.184,683.443,6179.99,0.0542836,1227.26
0.186,683.655,6182.11,0.0548964,1227.5
0.188,683.866,6184.24,0.0555092,1227.75
0.19,684.078,6186.36,0.056122,1228
0.192,684.289,6188.48,0.0567349,1228.24
0.194,684.498,6190.57,0.0573479,1228.47
0.196,684.705,6192.65,0.057961,1228.7
0.198,684.911,6194.71,0.0585741,1228.93
0.2,685.115,6196.76,0.0591873,1229.17
0.202,685.318,6198.8,0.0598006,1229.4
0.204,685.521,6200.83,0.0604139,1229.63
0.206,685.722,6202.85,0.0610272,1229.86
0.208,685.923,6204.87,0.0616407,1230.1
0.21,686.124,6206.88,0.0622542,1230.33
0.212,686.324,6208.89,0.0628678,1230.56
0.214,686.524,6210.9,0.0634814,1230.79
0.216,686.724,6212.89,0.0640951,1231.02
0.218,686.921,6214.88,0.0647088,1231.24
0.22,687.117,6216.84,0.0653226,1231.46
0.222,687.312,6218.79,0.0659365,1231.68
0.224,687.505,6220.74,0.0665505,1231.9
0.226,687.698,6222.67,0.0671645,1232.12
0.228,687.89,6224.59,0.0677785,1232.34
0.23,688.081,6226.51,0.0683926,1232.56
0.232,688.272,6228.42,0.0690068,1232.78
0.234,688.462,6230.33,0.069621,1233
0.236,688.652,6232.24,0.0702353,1233.22
0.238,688.841,6234.14,0.0708497,1233.44
0.24,689.031,6236.04,0.0714641,1233.66
0.242,689.22,6237.93,0.0720786,1233.88
0.244,689.408,6239.82,0.0726931,1234.1
0.246,689.596,6241.71,0.0733077,1234.32
0.248,689.784,6243.6,0.0739223,1234.53
0.25,689.972,6245.48,0.0745371,1234.75
0.252,690.159,6247.36,0.0751518,1234.97
0.254,690.347,6249.24,0.0757666,1235.19
0.256,690.534,6251.11,0.0763815,1235.41
0.258,690.721,6252.99,0.0769965,1235.63
0.26,690.908,6254.86,0.0776115,1235.84
0.262,691.095,6256.74,0.0782265,1236.06
0.264,691.282,6258.61,0.0788416,1236.28
0.266,691.469,6260.49,0.0794568,1236.5
0.268,691.657,6262.38,0.080072,1236.73
0.27,691.845,6264.26,0.0806873,1236.95
0.272,692.033,6266.16,0.0813027,1237.17
0.274,692.222,6268.05,0.0819181,1237.4
0.276,692.411,6269.95,0.0825336,1237.62
0.278,692.601,6271.85,0.0831491,1237.84
0.28,692.79,6273.75,0.0837647,1238.06
0.282,692.98,6275.65,0.0843803,1238.29
0.284,693.17,6277.56,0.084996,1238.51
0.286,693.36,6279.46,0.0856118,1238.73
0.288,693.55,6281.37,0.0862276,1238.96
0.29,693.741,6283.28,0.0868435,1239.18
0.292,693.932,6285.2,0.0874594,1239.41
0.294,694.124,6287.12,0.0880754,1239.64
0.296,694.316,6289.05,0.0886915,1239.87
0.298,694.509,6290.98,0.0893076,1240.09
0.3,694.702,6292.92,0.0899238,1240.32
0.302,694.895,6294.85,0.09054,1240.55
0.304,695.088,6296.8,0.0911563,1240.78
0.306,695.282,6298.74,0.0917727,1241
0.308,695.476,6300.68,0.0923891,1241.23
0.31,695.67,6302.63,0.0930056,1241.46
0.312,695.864,6304.58,0.0936221,1241.69
0.314,696.059,6306.53,0.0942387,1241.91
0.316,696.253,6308.47,0.0948554,1242.14
0.318,696.446,6310.42,0.0954721,1242.36
0.32,696.64,6312.36,0.0960889,1242.59
0.322,696.834,6314.3,0.0967057,1242.81
0.324,697.027,6316.24,0.0973226,1243.04
0.326,697.22,6318.18,0.0979396,1243.26
0.328,697.414,6320.12,0.0985566,1243.49
0.33,697.607,6322.06,0.0991737,1243.71
0.332,697.8,6323.99,0.0997908,1243.94
0.334,697.993,6325.93,0.100408,1244.16
0.336,698.186,6327.87,0.101025,1244.39
0.338,698.379,6329.8,0.101643,1244.61
0.34,698.572,6331.73,0.10226,1244.83
0.342,698.764,6333.66,0.102877,1245.05
0.344,698.956,6335.59,0.103495,1245.27
0.346,699.147,6337.51,0.104112,1245.5
0.348,699.338,6339.42,0.10473,1245.72
0.35,699.529,6341.34,0.105348,1245.94
0.352,699.72,6343.26,0.105965,1246.16
0.354,699.911,6345.17,0.106583,1246.38
0.356,700.102,6347.08,0.107201,1246.6
0.358,700.293,6348.99,0.107819,1246.83
0.36,700.483,6350.91,0.108437,1247.05
0.362,700.674,6352.82,0.109055,1247.27
0.364,700.864,6354.72,0.109673,1247.49
0.366,701.054,6356.63,0.110291,1247.71
0.368,701.244,6358.53,0.110909,1247.93
0.37,701.433,6360.44,0.111528,1248.15
0.372,701.623,6362.34,0.112146,1248.37
0.374,701.812,6364.24,0.112764,1248.59
0.376,702.002,6366.14,0.113383,1248.81
0.378,702.191,6368.04,0.114001,1249.03
0.38,702.38,6369.94,0.11462,1249.25
0.382,702.57,6371.84,0.115239,1249.47
0.384,702.759,6373.73,0.115857,1249.69
0.386,702.948,6375.63,0.116476,1249.91
0.388,703.137,6377.53,0.117095,1250.12
0.39,703.326,6379.42,0.117714,1250.34
0.392,703.514,6381.31,0.118332,1250.56
0.394,703.702,6383.2,0.118951,1250.78
0.396,703.89,6385.08,0.11957,1250.99
0.398,704.078,6386.97,0.12019,1251.21
0.4,704.266,6388.85,0.120809,1251.43
0.402,704.454,6390.73,0.121428,1251.65
0.404,704.641,6392.61,0.122047,1251.87
0.406,704.829,6394.5,0.122666,1252.08
0.408,705.016,6396.38,0.123286,1252.3
0.41,705.204,6398.26,0.123905,1252.52
0.412,705.391,6400.14,0.124525,1252.74
0.414,705.579,6402.02,0.125144,1252.96
0.416,705.767,6403.9,0.125764,1253.17
0.418,705.954,6405.79,0.126383,1253.39
0.42,706.142,6407.67,0.127003,1253.61
0.422,706.33,6409.55,0.127623,1253.83
0.424,706.518,6411.44,0.128243,1254.05
0.426,706.706,6413.32,0.128863,1254.27
0.428,706.894,6415.21,0.129483,1254.48
0.43,707.082,6417.09,0.130103,1254.7
0.432,707.27,6418.98,0.130723,1254.92
0.434,707.458,6420.86,0.131343,1255.14
0.436,707.646,6422.75,0.131963,1255.36
0.438,707.835,6424.65,0.132583,1255.59
0.44,708.025,6426.55,0.133203,1255.81
0.442,708.215,6428.46,0.133824,1256.04
0.444,708.406,6430.37,0.134444,1256.26
0.446,708.597,6432.29,0.135065,1256.48
0.448,708.788,6434.21,0.135685,1256.71
0.45,708.979,6436.13,0.136306,1256.93
0.452,709.171,6438.05,0.136926,1257.15
0.454,709.363,6439.97,0.137547,1257.38
0.456,709.555,6441.9,0.138168,1257.6
0.458,709.747,6443.83,0.138789,1257.83
0.46,709.94,6445.76,0.13941,1258.06
0.462,710.134,6447.7,0.140031,1258.29
0.464,710.328,6449.65,0.140652,1258.52
0.466,710.523,6451.61,0.141273,1258.75
0.468,710.719,6453.57,0.141894,1258.98
0.47,710.915,6455.54,0.142515,1259.21
0.472,711.111,6457.51,0.143136,1259.44
0.474,711.308,6459.48,0.143757,1259.67
0.476,711.505,6461.46,0.144379,1259.9
0.478,711.702,6463.44,0.145,1260.13
0.48,711.9,6465.42,0.145622,1260.36
0.482,712.097,6467.4,0.146243,1260.59
0.484,712.295,6469.39,0.146865,1260.82
0.486,712.493,6471.37,0.147486,1261.05
0.488,712.692,6473.36,0.148108,1261.28
0.49,712.89,6475.35,0.14873,1261.51
0.492,713.089,6477.34,0.149352,1261.74
0.494,713.287,6479.34,0.149974,1261.97
0.496,713.486,6481.33,0.150596,1262.2
0.498,713.685,6483.32,0.151218,1262.43
0.5,713.884,6485.32,0.15184,1262.67
0.502,714.083,6487.31,0.152462,1262.9
0.504,714.282,6489.31,0.153084,1263.13
0.506,714.481,6491.31,0.153706,1263.36
0.508,714.68,6493.3,0.154329,1263.59
0.51,714.879,6495.3,0.154951,1263.81
0.512,715.077,6497.29,0.155573,1264.04
0.514,715.275,6499.27,0.156196,1264.27
0.516,715.473,6501.26,0.156819,1264.5
0.518,715.671,6503.24,0.157441,1264.72
0.52,715.868,6505.22,0.158064,1264.95
0.522,716.066,6507.2,0.158687,1265.18
0.524,716.263,6509.19,0.159309,1265.41
0.526,716.461,6511.16,0.159932,1265.63
0.528,716.658,6513.14,0.160555,1265.86
0.53,716.855,6515.12,0.161178,1266.09
0.532,717.052,6517.1,0.161801,1266.32
0.534,717.249,6519.08,0.162424,1266.54
0.536,717.446,6521.05,0.163047,1266.77
0.538,717.643,6523.02,0.163671,1267
0.54,717.84,6525,0.164294,1267.22
0.542,718.036,6526.97,0.164917,1267.45
0.544,718.233,6528.94,0.165541,1267.67
0.546,718.429,6530.91,0.166164,1267.9
0.548,718.625,6532.88,0.166788,1268.13
0.55,718.822,6534.85,0.167411,1268.35
0.552,719.018,6536.82,0.168035,1268.58
0.554,719.214,6538.79,0.168659,1268.81
0.556,719.411,6540.75,0.169282,1269.03
0.558,719.607,6542.72,0.169906,1269.26
0.56,719.803,6544.69,0.17053,1269.48
0.562,719.999,6546.65,0.171154,1269.71
0.564,720.194,6548.62,0.171778,1269.93
0.566,720.39,6550.58,0.172402,1270.16
0.568,720.586,6552.54,0.173026,1270.39
0.57,720.782,6554.5,0.17365,1270.61
0.572,720.977,6556.47,0.174275,1270.84
0.574,721.173,6558.43,0.174899,1271.06
0.576,721.368,6560.39,0.175523,1271.29
0.578,721.564,6562.35,0.176148,1271.51
0.58,721.76,6564.31,0.176772,1271.74
0.582,721.955,6566.28,0.177397,1271.96
0.584,722.151,6568.24,0.178021,1272.19
0.586,722.346,6570.2,0.178646,1272.41
0.588,722.541,6572.16,0.179271,1272.64
0.59,722.737,6574.12,0.179895,1272.86
0.592,722.932,6576.08,0.18052,1273.09
0.594,723.128,6578.04,0.181145,1273.31
0.596,723.323,6580,0.18177,1273.54
0.598,723.519,6581.96,0.182395,1273.77
0.6,723.714,6583.92,0.18302,1273.99
0.602,723.91,6585.88,0.183645,1274.22
0.604,724.105,6587.84,0.184271,1274.44
0.606,724.3,6589.8,0.184896,1274.67
0.608,724.496,6591.76,0.185521,1274.89
0.61,724.691,6593.72,0.186146,1275.11
0.612,724.887,6595.68,0.186772,1275.34
0.614,725.082,6597.64,0.187397,1275.56
0.616,725.277,6599.6,0.188023,1275.79
0.618,725.473,6601.56,0.188648,1276.01
0.62,725.668,6603.52,0.189274,1276.24
0.622,725.863,6605.48,0.1899,1276.46
0.624,726.059,6607.44,0.190526,1276.69
0.626,726.254,6609.4,0.191151,1276.91
0.628,726.45,6611.36,0.191777,1277.14
0.63,726.645,6613.32,0.192403,1277.36
0.632,726.84,6615.27,0.193029,1277.59
0.634,727.035,6617.23,0.193655,1277.81
0.636,727.23,6619.18,0.194281,1278.03
0.638,727.425,6621.14,0.194908,1278.26
0.64,727.619,6623.09,0.195534,1278.48
0.642,727.814,6625.04,0.19616,1278.7
0.644,728.009,6626.99,0.196787,1278.93
0.646,728.203,6628.95,0.197413,1279.15
0.648,728.398,6630.9,0.198039,1279.37
0.65,728.593,6632.85,0.198666,1279.6
0.652,728.787,6634.8,0.199293,1279.82
0.654,728.981,6636.75,0.199919,1280.04
0.656,729.176,6638.7,0.200546,1280.26
0.658,729.37,6640.65,0.201173,1280.49
0.66,729.564,6642.6,0.2018,1280.71
0.662,729.758,6644.54,0.202426,1280.93
0.664,729.952,6646.49,0.203053,1281.15
0.666,730.146,6648.43,0.20368,1281.38
0.668,730.34,6650.38,0.204307,1281.6
0.67,730.534,6652.32,0.204935,1281.82
0.672,730.728,6654.27,0.205562,1282.05
0.674,730.922,6656.22,0.206189,1282.27
0.676,731.116,6658.16,0.206816,1282.49
0.678,731.31,6660.1,0.207444,1282.71
0.68,731.504,6662.05,0.208071,1282.93
0.682,731.697,6663.99,0.208699,1283.16
0.684,731.891,6665.93,0.209326,1283.38
0.686,732.085,6667.88,0.209954,1283.6
0.688,732.278,6669.82,0.210581,1283.82
0.69,732.472,6671.76,0.211209,1284.04
0.692,732.666,6673.7,0.211837,1284.27
0.694,732.859,6675.65,0.212465,1284.49
0.696,733.053,6677.59,0.213092,1284.71
0.698,733.247,6679.53,0.21372,1284.93
0.7,733.44,6681.48,0.214348,1285.16
0.702,733.634,6683.42,0.214976,1285.38
0.704,733.828,6685.37,0.215605,1285.6
0.706,734.022,6687.31,0.216233,1285.83
0.708,734.217,6689.26,0.216861,1286.05
0.71,734.411,6691.21,0.217489,1286.27
0.712,734.605,6693.16,0.218118,1286.5
0.714,734.8,6695.11,0.218746,1286.72
0.716,734.994,6697.06,0.219374,1286.94
0.718,735.189,6699.01,0.220003,1287.17
0.72,735.384,6700.97,0.220632,1287.39
0.722,735.578,6702.92,0.22126,1287.61
0.724,735.773,6704.87,0.221889,1287.84
0.726,735.968,6706.83,0.222518,1288.06
0.728,736.163,6708.79,0.223146,1288.29
0.73,736.359,6710.75,0.223775,1288.51
0.732,736.554,6712.71,0.224404,1288.74
0.734,736.749,6714.67,0.225033,1288.96
0.736,736.945,6716.63,0.225662,1289.19
0.738,737.141,6718.59,0.226291,1289.41
0.74,737.336,6720.55,0.226921,1289.63
0.742,737.532,6722.52,0.22755,1289.86
0.744,737.728,6724.48,0.228179,1290.08
0.746,737.924,6726.45,0.228808,1290.31
0.748,738.12,6728.41,0.229438,1290.53
0.75,738.316,6730.38,0.230067,1290.76
0.752,738.512,6732.35,0.230697,1290.98
0.754,738.709,6734.32,0.231326,1291.21
0.756,738.905,6736.29,0.231956,1291.44
0.758,739.102,6738.26,0.232586,1291.66
0.76,739.298,6740.23,0.233215,1291.89
0.762,739.495,6742.21,0.233845,1292.11
0.764,739.692,6744.18,0.234475,1292.34
0.766,739.889,6746.15,0.235105,1292.56
0.768,740.086,6748.13,0.235735,1292.79
0.77,740.283,6750.11,0.236365,1293.01
0.772,740.48,6752.08,0.236995,1293.24
0.774,740.677,6754.06,0.237625,1293.47
0.776,740.874,6756.04,0.238255,1293.69
0.778,741.072,6758.02,0.238886,1293.92
0.78,741.269,6760,0.239516,1294.15
0.782,741.467,6761.98,0.240146,1294.37
0.784,741.664,6763.96,0.240777,1294.6
0.786,741.862,6765.95,0.241407,1294.82
0.788,742.06,6767.93,0.242038,1295.05
0.79,742.258,6769.91,0.242669,1295.28
0.792,742.456,6771.9,0.243299,1295.5
0.794,742.653,6773.89,0.24393,1295.73
0.796,742.852,6775.87,0.244561,1295.96
0.798,743.05,6777.86,0.245192,1296.19
0.8,743.248,6779.85,0.245823,1296.41
0.802,743.447,6781.84,0.246454,1296.64
0.804,743.645,6783.84,0.247085,1296.87
0.806,743.844,6785.83,0.247716,1297.1
0.808,744.043,6787.82,0.248347,1297.32
0.81,744.242,6789.82,0.248978,1297.55
0.812,744.441,6791.82,0.249609,1297.78
0.814,744.64,6793.81,0.250241,1298.01
0.816,744.84,6795.81,0.250872,1298.24
0.818,745.039,6797.81,0.251504,1298.46
0.82,745.239,6799.81,0.252135,1298.69
0.822,745.438,6801.82,0.252767,1298.92
0.824,745.638,6803.82,0.253398,1299.15
0.826,745.838,6805.83,0.25403,1299.38
0.828,746.039,6807.84,0.254662,1299.61
0.83,746.239,6809.85,0.255293,1299.84
0.832,746.44,6811.86,0.255925,1300.07
0.834,746.641,6813.88,0.256557,1300.3
0.836,746.841,6815.89,0.257189,1300.53
0.838,747.042,6817.91,0.257821,1300.76
0.84,747.243,6819.92,0.258453,1300.99
0.842,747.444,6821.94,0.259086,1301.22
0.844,747.646,6823.96,0.259718,1301.45
0.846,747.847,6825.98,0.26035,1301.68
0.848,748.048,6828,0.260982,1301.91
0.85,748.25,6830.02,0.261615,1302.14
0.852,748.452,6832.04,0.262247,1302.37
0.854,748.653,6834.06,0.26288,1302.6
0.856,748.855,6836.09,0.263512,1302.83
0.858,749.057,6838.11,0.264145,1303.06
0.86,749.259,6840.14,0.264778,1303.29
0.862,749.46,6842.16,0.26541,1303.52
0.864,749.662,6844.19,0.266043,1303.75
0.866,749.865,6846.21,0.266676,1303.98
0.868,750.067,6848.24,0.267309,1304.21
0.87,750.269,6850.27,0.267942,1304.45
0.872,750.472,6852.3,0.268575,1304.68
0.874,750.674,6854.34,0.269208,1304.91
0.876,750.877,6856.37,0.269841,1305.14
0.878,751.08,6858.4,0.270475,1305.37
0.88,751.283,6860.44,0.271108,1305.6
0.882,751.486,6862.47,0.271741,1305.84
0.884,751.689,6864.51,0.272375,1306.07
0.886,751.892,6866.55,0.273008,1306.3
0.888,752.095,6868.59,0.273642,1306.53
0.89,752.299,6870.63,0.274275,1306.76
0.892,752.502,6872.67,0.274909,1307
0.894,752.706,6874.71,0.275543,1307.23
0.896,752.91,6876.76,0.276177,1307.46
0.898,753.114,6878.81,0.27681,1307.7
0.9,753.318,6880.86,0.277444,1307.93
0.902,753.523,6882.91,0.278078,1308.16
0.904,753.727,6884.96,0.278712,1308.4
0.906,753.932,6887.01,0.279346,1308.63
0.908,754.137,6889.06,0.279981,1308.86
0.91,754.341,6891.12,0.280615,1309.09
0.912,754.546,6893.17,0.281249,1309.33
0.914,754.751,6895.23,0.281883,1309.56
0.916,754.956,6897.28,0.282518,1309.79
0.918,755.161,6899.34,0.283152,1310.03
0.92,755.366,6901.4,0.283787,1310.26
0.922,755.571,6903.46,0.284421,1310.49
0.924,755.777,6905.51,0.285056,1310.73
0.926,755.982,6907.57,0.28569,1310.96
0.928,756.187,6909.63,0.286325,1311.19
0.93,756.392,6911.69,0.28696,1311.43
0.932,756.598,6913.75,0.287595,1311.66
0.934,756.803,6915.81,0.28823,1311.89
0.936,757.008,6917.87,0.288865,1312.13
0.938,757.214,6919.93,0.2895,1312.36
0.94,757.419,6921.98,0.290135,1312.59
0.942,757.624,6924.04,0.29077,1312.82
0.944,757.828,6926.09,0.291405,1313.05
0.946,758.033,6928.14,0.292041,1313.28
0.948,758.237,6930.19,0.292676,1313.51
0.95,758.442,6932.24,0.293311,1313.74
0.952,758.646,6934.29,0.293947,1313.98
0.954,758.85,6936.34,0.294582,1314.21
0.956,759.055,6938.39,0.295218,1314.44
0.958,759.259,6940.44,0.295854,1314.67
0.96,759.463,6942.49,0.296489,1314.9
0.962,759.667,6944.53,0.297125,1315.13
0.964,759.87,6946.57,0.297761,1315.35
0.966,760.073,6948.61,0.298397,1315.58
0.968,760.276,6950.64,0.299033,1315.81
0.97,760.479,6952.67,0.299669,1316.04
0.972,760.681,6954.7,0.300305,1316.26
0.974,760.883,6956.73,0.300941,1316.49
0.976,761.085,6958.76,0.301577,1316.72
0.978,761.287,6960.78,0.302213,1316.95
0.98,761.489,6962.81,0.30285,1317.18
0.982,761.691,6964.83,0.303486,1317.4
0.984,761.892,6966.85,0.304122,1317.63
0.986,762.093,6968.87,0.304759,1317.85
0.988,762.294,6970.89,0.305395,1318.08
0.99,762.495,6972.9,0.306032,1318.3
0.992,762.695,6974.91,0.306669,1318.53
0.994,762.895,6976.92,0.307305,1318.75
0.996,763.095,6978.92,0.307942,1318.98
0.998,763.295,6980.93,0.308579,1319.2
1,763.495,6982.93,0.309216,1319.43
1.002,763.695,6984.93,0.309853,1319.65
1.004,763.894,6986.93,0.31049,1319.88
1.006,764.094,6988.93,0.311127,1320.1
1.008,764.293,6990.93,0.311764,1320.33
1.01,764.493,6992.94,0.312401,1320.55
1.012,764.692,6994.94,0.313038,1320.78
1.014,764.892,6996.94,0.313676,1321.01
1.016,765.091,6998.94,0.314313,1321.23
1.018,765.291,7000.94,0.31495,1321.46
1.02,765.49,7002.94,0.315588,1321.68
1.022,765.69,7004.95,0.316225,1321.91
1.024,765.89,7006.95,0.316863,1322.14
1.026,766.09,7008.96,0.317501,1322.36
1.028,766.289,7010.96,0.318138,1322.59
1.03,766.489,7012.96,0.318776,1322.82
1.032,766.689,7014.97,0.319414,1323.04
1.034,766.89,7016.98,0.320052,1323.27
1.036,767.091,7019,0.32069,1323.5
1.038,767.292,7021.01,0.321328,1323.73
1.04,767.493,7023.03,0.321966,1323.96
1.042,767.695,7025.06,0.322604,1324.19
1.044,767.897,7027.08,0.323242,1324.42
1.046,768.099,7029.11,0.32388,1324.65
1.048,768.301,7031.14,0.324519,1324.88
1.05,768.503,7033.16,0.325157,1325.11
1.052,768.706,7035.2,0.325795,1325.34
1.054,768.908,7037.23,0.326434,1325.57
1.056,769.111,7039.26,0.327072,1325.8
1.058,769.314,7041.3,0.327711,1326.03
1.06,769.518,7043.34,0.328349,1326.26
1.062,769.721,7045.38,0.328988,1326.49
1.064,769.925,7047.42,0.329627,1326.72
1.066,770.128,7049.46,0.330266,1326.95
1.068,770.332,7051.51,0.330905,1327.19
1.07,770.536,7053.55,0.331544,1327.42
1.072,770.74,7055.6,0.332183,1327.65
1.074,770.944,7057.65,0.332822,1327.88
1.076,771.149,7059.7,0.333461,1328.11
1.078,771.353,7061.75,0.3341,1328.34
1.08,771.558,7063.8,0.334739,1328.57
1.082,771.762,7065.85,0.335378,1328.8
1.084,771.967,7067.91,0.336018,1329.04
1.086,772.172,7069.96,0.336657,1329.27
1.088,772.377,7072.02,0.337297,1329.5
1.09,772.582,7074.07,0.337936,1329.73
1.092,772.787,7076.13,0.338576,1329.96
1.094,772.992,7078.19,0.339215,1330.19
1.096,773.197,7080.25,0.339855,1330.43
1.098,773.402,7082.3,0.340495,1330.66
1.1,773.608,7084.36,0.341135,1330.89
1.102,773.813,7086.42,0.341775,1331.12
1.104,774.019,7088.49,0.342414,1331.35
1.106,774.224,7090.55,0.343054,1331.59
1.108,774.43,7092.61,0.343695,1331.82
1.11,774.636,7094.68,0.344335,1332.05
1.112,774.842,7096.74,0.344975,1332.28
1.114,775.048,7098.81,0.345615,1332.52
1.116,775.254,7100.88,0.346255,1332.75
1.118,775.46,7102.94,0.346896,1332.98
1.12,775.666,7105.01,0.347536,1333.21
1.122,775.873,7107.08,0.348177,1333.45
1.124,776.079,7109.15,0.348817,1333.68
1.126,776.286,7111.22,0.349458,1333.91
1.128,776.492,7113.3,0.350098,1334.15
1.13,776.699,7115.37,0.350739,1334.38
1.132,776.907,7117.45,0.35138,1334.62
1.134,777.114,7119.53,0.352021,1334.85
1.136,777.322,7121.62,0.352662,1335.09
1.138,777.53,7123.7,0.353303,1335.32
1.14,777.738,7125.79,0.353944,1335.56
1.142,777.946,7127.88,0.354585,1335.79
1.144,778.154,7129.96,0.355226,1336.03
1.146,778.362,7132.05,0.355867,1336.26
1.148,778.571,7134.14,0.356508,1336.5
1.15,778.78,7136.24,0.35715,1336.74
1.152,778.989,7138.34,0.357791,1336.98
1.154,779.198,7140.44,0.358432,1337.21
1.156,779.408,7142.54,0.359074,1337.45
1.158,779.618,7144.65,0.359715,1337.69
1.16,779.829,7146.76,0.360357,1337.93
1.162,780.039,7148.87,0.360999,1338.17
1.164,780.25,7150.99,0.361641,1338.4
1.166,780.461,7153.1,0.362282,1338.64
1.168,780.672,7155.22,0.362924,1338.88
1.17,780.883,7157.34,0.363566,1339.12
1.172,781.094,7159.46,0.364208,1339.36
1.174,781.306,7161.58,0.36485,1339.6
1.176,781.518,7163.7,0.365492,1339.84
1.178,781.729,7165.83,0.366134,1340.07
1.18,781.941,7167.95,0.366777,1340.31
1.182,782.153,7170.08,0.367419,1340.55
1.184,782.366,7172.21,0.368061,1340.79
1.186,782.578,7174.34,0.368704,1341.03
1.188,782.79,7176.47,0.369346,1341.27
1.19,783.003,7178.6,0.369989,1341.51
1.192,783.215,7180.73,0.370631,1341.75
1.194,783.428,7182.86,0.371274,1341.99
1.196,783.64,7184.99,0.371917,1342.22
1.198,783.853,7187.13,0.372559,1342.46
1.2,784.066,7189.26,0.373202,1342.7
1.202,784.278,7191.39,0.373845,1342.94
1.204,784.491,7193.52,0.374488,1343.18
1.206,784.704,7195.66,0.375131,1343.42
1.208,784.916,7197.79,0.375774,1343.65
1.21,785.129,7199.92,0.376417,1343.89
1.212,785.342,7202.06,0.377061,1344.13
1.214,785.554,7204.19,0.377704,1344.37
1.216,785.767,7206.32,0.378347,1344.61
1.218,785.98,7208.46,0.378991,1344.85
1.22,786.192,7210.59,0.379634,1345.08
1.222,786.405,7212.72,0.380277,1345.32
1.224,786.618,7214.85,0.380921,1345.56
1.226,786.83,7216.99,0.381565,1345.8
1.228,787.043,7219.12,0.382208,1346.03
1.23,787.255,7221.25,0.382852,1346.27
1.232,787.468,7223.38,0.383496,1346.51
1.234,787.68,7225.51,0.38414,1346.75
1.236,787.893,7227.64,0.384784,1346.99
1.238,788.105,7229.78,0.385428,1347.22
1.24,788.318,7231.91,0.386072,1347.46
1.242,788.53,7234.04,0.386716,1347.7
1.244,788.743,7236.17,0.38736,1347.94
1.246,788.955,7238.3,0.388004,1348.17
1.248,789.168,7240.43,0.388649,1348.41
1.25,789.38,7242.56,0.389293,1348.65
1.252,789.593,7244.7,0.389937,1348.89
1.254,789.805,7246.83,0.390582,1349.13
1.256,790.018,7248.96,0.391226,1349.36
1.258,790.23,7251.09,0.391871,1349.6
1.26,790.442,7253.22,0.392516,1349.84
1.262,790.655,7255.35,0.39316,1350.08
1.264,790.868,7257.48,0.393805,1350.31
1.266,791.08,7259.61,0.39445,1350.55
1.268,791.292,7261.74,0.395095,1350.79
1.27,791.505,7263.87,0.39574,1351.02
1.272,791.717,7266,0.396385,1351.26
1.274,791.929,7268.13,0.39703,1351.49
1.276,792.141,7270.25,0.397675,1351.73
1.278,792.353,7272.38,0.39832,1351.97
1.28,792.565,7274.5,0.398966,1352.2
1.282,792.776,7276.63,0.399611,1352.44
1.284,792.988,7278.75,0.400256,1352.68
1.286,793.2,7280.88,0.400902,1352.91
1.288,793.412,7283,0.401547,1353.15
1.29,793.624,7285.13,0.402193,1353.38
1.292,793.835,7287.25,0.402838,1353.62
1.294,794.047,7289.37,0.403484,1353.85
1.296,794.258,7291.49,0.40413,1354.09
1.298,794.469,7293.61,0.404776,1354.32
1.3,794.68,7295.73,0.405422,1354.56
1.302,794.892,7297.84,0.406068,1354.79
1.304,795.103,7299.96,0.406714,1355.03
1.306,795.314,7302.08,0.40736,1355.27
1.308,795.525,7304.2,0.408006,1355.5
1.31,795.736,7306.31,0.408652,1355.74
1.312,795.947,7308.43,0.409298,1355.97
1.314,796.158,7310.54,0.409944,1356.2
1.316,796.368,7312.66,0.410591,1356.44
1.318,796.579,7314.77,0.411237,1356.67
1.32,796.79,7316.88,0.411884,1356.91
1.322,797,7318.99,0.41253,1357.14
1.324,797.211,7321.11,0.413177,1357.38
1.326,797.421,7323.22,0.413823,1357.61
1.328,797.632,7325.33,0.41447,1357.84
1.33,797.842,7327.44,0.415117,1358.08
1.332,798.052,7329.55,0.415764,1358.31
1.334,798.263,7331.66,0.416411,1358.55
1.336,798.473,7333.77,0.417058,1358.78
1.338,798.683,7335.88,0.417705,1359.02
1.34,798.894,7337.99,0.418352,1359.25
1.342,799.104,7340.1,0.418999,1359.49
1.344,799.315,7342.21,0.419646,1359.72
1.346,799.525,7344.32,0.420293,1359.95
1.348,799.736,7346.43,0.42094,1360.19
1.35,799.946,7348.54,0.421588,1360.42
1.352,800.157,7350.66,0.422235,1360.66
1.354,800.367,7352.77,0.422883,1360.89
1.356,800.578,7354.88,0.42353,1361.13
1.358,800.789,7356.99,0.424178,1361.36
1.36,801,7359.11,0.424826,1361.6
1.362,801.211,7361.23,0.425473,1361.84
1.364,801.422,7363.35,0.426121,1362.07
1.366,801.633,7365.47,0.426769,1362.31
1.368,801.845,7367.59,0.427417,1362.55
1.37,802.057,7369.71,0.428065,1362.78
1.372,802.268,7371.84,0.428713,1363.02
1.374,802.48,7373.96,0.429361,1363.26
1.376,802.692,7376.09,0.430009,1363.49
1.378,802.904,7378.22,0.430657,1363.73
1.38,803.117,7380.34,0.431305,1363.97
1.382,803.329,7382.47,0.431954,1364.2
1.384,803.541,7384.61,0.432602,1364.44
1.386,803.754,7386.74,0.433251,1364.68
1.388,803.967,7388.87,0.433899,1364.92
1.39,804.18,7391.01,0.434548,1365.15
1.392,804.393,7393.14,0.435196,1365.39
1.394,804.606,7395.28,0.435845,1365.63
1.396,804.819,7397.42,0.436494,1365.87
1.398,805.032,7399.55,0.437143,1366.1
1.4,805.245,7401.69,0.437791,1366.34
1.402,805.458,7403.83,0.43844,1366.58
1.404,805.672,7405.97,0.439089,1366.82
1.406,805.885,7408.12,0.439738,1367.06
1.408,806.099,7410.26,0.440387,1367.29
1.41,806.313,7412.4,0.441037,1367.53
1.412,806.527,7414.55,0.441686,1367.77
1.414,806.741,7416.69,0.442335,1368.01
1.416,806.955,7418.84,0.442984,1368.25
1.418,807.169,7420.99,0.443634,1368.49
1.42,807.383,7423.14,0.444283,1368.72
1.422,807.597,7425.29,0.444933,1368.96
1.424,807.812,7427.44,0.445582,1369.2
1.426,808.026,7429.59,0.446232,1369.44
1.428,808.241,7431.74,0.446882,1369.68
1.43,808.456,7433.9,0.447532,1369.92
1.432,808.671,7436.05,0.448181,1370.16
1.434,808.886,7438.21,0.448831,1370.4
1.436,809.101,7440.37,0.449481,1370.64
1.438,809.316,7442.53,0.450131,1370.88
1.44,809.532,7444.69,0.450781,1371.12
1.442,809.747,7446.85,0.451431,1371.36
1.444,809.963,7449.01,0.452082,1371.6
1.446,810.179,7451.18,0.452732,1371.84
1.448,810.395,7453.34,0.453382,1372.08
1.45,810.611,7455.51,0.454033,1372.32
1.452,810.827,7457.68,0.454683,1372.56
1.454,811.043,7459.84,0.455333,1372.8
1.456,811.259,7462.01,0.455984,1373.04
1.458,811.475,7464.18,0.456635,1373.28
1.46,811.691,7466.35,0.457285,1373.52
1.462,811.908,7468.52,0.457936,1373.76
1.464,812.124,7470.69,0.458587,1374
1.466,812.34,7472.86,0.459238,1374.24
1.468,812.557,7475.03,0.459889,1374.48
1.47,812.773,7477.2,0.46054,1374.72
1.472,812.99,7479.37,0.461191,1374.96
1.474,813.206,7481.55,0.461842,1375.2
1.476,813.423,7483.72,0.462493,1375.44
1.478,813.639,7485.89,0.463144,1375.68
1.48,813.856,7488.06,0.463795,1375.92
1.482,814.072,7490.23,0.464447,1376.16
1.484,814.289,7492.4,0.465098,1376.4
1.486,814.505,7494.58,0.46575,1376.64
1.488,814.722,7496.75,0.466401,1376.88
1.49,814.939,7498.92,0.467053,1377.12
1.492,815.155,7501.09,0.467704,1377.36
1.494,815.372,7503.27,0.468356,1377.6
1.496,815.588,7505.44,0.469008,1377.84
1.498,815.805,7507.61,0.46966,1378.08
1.5,816.022,7509.79,0.470312,1378.32
1.502,816.238,7511.96,0.470964,1378.56
1.504,816.455,7514.13,0.471616,1378.8
1.506,816.672,7516.3,0.472268,1379.04
1.508,816.888,7518.48,0.47292,1379.28
1.51,817.105,7520.65,0.473572,1379.52
1.512,817.322,7522.82,0.474224,1379.75
1.514,817.539,7525,0.474877,1379.99
1.516,817.755,7527.17,0.475529,1380.23
1.518,817.972,7529.35,0.476181,1380.47
1.52,818.189,7531.52,0.476834,1380.71
1.522,818.405,7533.69,0.477486,1380.95
1.524,818.622,7535.87,0.478139,1381.19
1.526,818.839,7538.04,0.478792,1381.43
1.528,819.055,7540.21,0.479444,1381.67
1.53,819.271,7542.38,0.480097,1381.91
1.532,819.488,7544.55,0.48075,1382.14
1.534,819.704,7546.72,0.481403,1382.38
1.536,819.921,7548.89,0.482056,1382.62
1.538,820.137,7551.06,0.482709,1382.86
1.54,820.353,7553.23,0.483362,1383.1
1.542,820.569,7555.4,0.484015,1383.34
1.544,820.786,7557.57,0.484668,1383.58
1.546,821.002,7559.74,0.485322,1383.81
1.548,821.218,7561.9,0.485975,1384.05
1.55,821.434,7564.07,0.486628,1384.29
1.552,821.65,7566.23,0.487282,1384.53
1.554,821.865,7568.4,0.487935,1384.76
1.556,822.081,7570.56,0.488589,1385
1.558,822.297,7572.73,0.489243,1385.24
1.56,822.513,7574.89,0.489896,1385.48
1.562,822.728,7577.06,0.49055,1385.71
1.564,822.944,7579.22,0.491204,1385.95
1.566,823.16,7581.38,0.491858,1386.19
1.568,823.376,7583.55,0.492512,1386.43
1.57,823.592,7585.71,0.493166,1386.67
1.572,823.808,7587.88,0.49382,1386.91
1.574,824.024,7590.04,0.494474,1387.15
1.576,824.24,7592.21,0.495128,1387.38
1.578,824.456,7594.38,0.495782,1387.62
1.58,824.672,7596.55,0.496437,1387.86
1.582,824.888,7598.72,0.497091,1388.1
1.584,825.104,7600.88,0.497745,1388.34
1.586,825.32,7603.05,0.4984,1388.58
1.588,825.537,7605.22,0.499054,1388.82
1.59,825.753,7607.4,0.499709,1389.06
1.592,825.97,7609.57,0.500364,1389.3
1.594,826.187,7611.74,0.501018,1389.54
1.596,826.404,7613.92,0.501673,1389.78
1.598,826.621,7616.1,0.502328,1390.02
1.6,826.838,7618.27,0.502983,1390.26
1.602,827.055,7620.45,0.503638,1390.5
1.604,827.273,7622.63,0.504293,1390.74
1.606,827.49,7624.81,0.504948,1390.98
1.608,827.708,7627,0.505603,1391.22
1.61,827.925,7629.18,0.506258,1391.46
1.612,828.143,7631.36,0.506914,1391.7
1.614,828.361,7633.55,0.507569,1391.94
1.616,828.579,7635.74,0.508224,1392.18
1.618,828.797,7637.93,0.50888,1392.42
1.62,829.015,7640.12,0.509535,1392.67
1.622,829.234,7642.31,0.510191,1392.91
1.624,829.453,7644.5,0.510846,1393.15
1.626,829.671,7646.69,0.511502,1393.39
1.628,829.89,7648.89,0.512158,1393.63
1.63,830.109,7651.08,0.512814,1393.87
1.632,830.328,7653.28,0.51347,1394.11
1.634,830.547,7655.48,0.514125,1394.36
1.636,830.766,7657.68,0.514781,1394.6
1.638,830.986,7659.88,0.515438,1394.84
1.64,831.205,7662.08,0.516094,1395.08
1.642,831.425,7664.28,0.51675,1395.33
1.644,831.645,7666.49,0.517406,1395.57
1.646,831.864,7668.69,0.518062,1395.81
1.648,832.084,7670.9,0.518719,1396.05
1.65,832.305,7673.11,0.519375,1396.3
1.652,832.525,7675.31,0.520032,1396.54
1.654,832.745,7677.52,0.520688,1396.78
1.656,832.965,7679.73,0.521345,1397.03
1.658,833.186,7681.94,0.522001,1397.27
1.66,833.406,7684.15,0.522658,1397.51
1.662,833.627,7686.37,0.523315,1397.75
1.664,833.847,7688.58,0.523972,1398
1.666,834.068,7690.79,0.524629,1398.24
1.668,834.288,7693,0.525286,1398.48
1.67,834.509,7695.22,0.525943,1398.72
1.672,834.73,7697.43,0.5266,1398.97
1.674,834.951,7699.65,0.527257,1399.21
1.676,835.171,7701.86,0.527914,1399.45
1.678,835.392,7704.08,0.528571,1399.69
1.68,835.613,7706.29,0.529229,1399.94
1.682,835.834,7708.5,0.529886,1400.18
1.684,836.054,7710.72,0.530543,1400.42
1.686,836.275,7712.93,0.531201,1400.66
1.688,836.495,7715.14,0.531858,1400.9
1.69,836.716,7717.35,0.532516,1401.14
1.692,836.936,7719.56,0.533174,1401.38
1.694,837.156,7721.77,0.533832,1401.62
1.696,837.376,7723.97,0.534489,1401.86
1.698,837.596,7726.18,0.535147,1402.1
1.7,837.816,7728.39,0.535805,1402.35
1.702,838.037,7730.6,0.536463,1402.59
1.704,838.257,7732.8,0.537121,1402.83
1.706,838.476,7735.01,0.537779,1403.07
1.708,838.696,7737.22,0.538437,1403.31
1.71,838.916,7739.42,0.539096,1403.55
1.712,839.136,7741.62,0.539754,1403.79
1.714,839.355,7743.83,0.540412,1404.03
1.716,839.575,7746.03,0.541071,1404.27
1.718,839.795,7748.23,0.541729,1404.51
1.72,840.014,7750.43,0.542388,1404.75
1.722,840.234,7752.64,0.543046,1404.99
1.724,840.453,7754.84,0.543705,1405.23
1.726,840.673,7757.04,0.544364,1405.47
1.728,840.893,7759.25,0.545023,1405.71
1.73,841.113,7761.45,0.545681,1405.95
1.732,841.332,7763.66,0.54634,1406.2
1.734,841.553,7765.86,0.546999,1406.44
1.736,841.773,7768.07,0.547658,1406.68
1.738,841.993,7770.28,0.548317,1406.92
1.74,842.213,7772.49,0.548976,1407.16
1.742,842.434,7774.7,0.549636,1407.4
1.744,842.654,7776.91,0.550295,1407.65
1.746,842.875,7779.13,0.550954,1407.89
1.748,843.095,7781.34,0.551614,1408.13
1.75,843.316,7783.56,0.552273,1408.37
1.752,843.537,7785.77,0.552933,1408.62
1.754,843.759,7787.99,0.553592,1408.86
1.756,843.98,7790.21,0.554252,1409.1
1.758,844.201,7792.43,0.554911,1409.35
1.76,844.423,7794.66,0.555571,1409.59
1.762,844.645,7796.88,0.556231,1409.84
1.764,844.866,7799.1,0.556891,1410.08
1.766,845.088,7801.33,0.557551,1410.32
1.768,845.31,7803.56,0.558211,1410.57
1.77,845.533,7805.79,0.558871,1410.81
1.772,845.755,7808.01,0.559531,1411.05
1.774,845.977,7810.25,0.560191,1411.3
1.776,846.2,7812.48,0.560851,1411.54
1.778,846.422,7814.71,0.561512,1411.79
1.78,846.645,7816.94,0.562172,1412.03
1.782,846.868,7819.18,0.562832,1412.27
1.784,847.091,7821.41,0.563493,1412.52
1.786,847.314,7823.65,0.564153,1412.76
1.788,847.537,7825.89,0.564814,1413.01
1.79,847.76,7828.13,0.565475,1413.25
1.792,847.983,7830.36,0.566135,1413.5
1.794,848.206,7832.6,0.566796,1413.74
1.796,848.429,7834.84,0.567457,1413.98
1.798,848.653,7837.08,0.568118,1414.23
1.8,848.876,7839.32,0.568779,1414.47
1.802,849.099,7841.56,0.56944,1414.71
1.804,849.322,7843.79,0.570101,1414.96
1.806,849.545,7846.03,0.570762,1415.2
1.808,849.768,7848.27,0.571423,1415.44
1.81,849.991,7850.51,0.572084,1415.69
1.812,850.214,7852.75,0.572746,1415.93
1.814,850.438,7854.98,0.573407,1416.17
1.816,850.661,7857.22,0.574069,1416.42
1.818,850.884,7859.46,0.57473,1416.66
1.82,851.106,7861.69,0.575392,1416.9
1.822,851.329,7863.92,0.576053,1417.14
1.824,851.551,7866.15,0.576715,1417.38
1.826,851.773,7868.38,0.577377,1417.62
1.828,851.996,7870.61,0.578039,1417.86
1.83,852.218,7872.84,0.5787,1418.1
1.832,852.44,7875.06,0.579362,1418.34
1.834,852.661,7877.29,0.580024,1418.58
1.836,852.883,7879.51,0.580686,1418.83
1.838,853.105,7881.74,0.581348,1419.07
1.84,853.326,7883.96,0.582011,1419.31
1.842,853.548,7886.18,0.582673,1419.55
1.844,853.769,7888.4,0.583335,1419.79
1.846,853.99,7890.62,0.583997,1420.02
1.848,854.211,7892.84,0.58466,1420.26
1.85,854.432,7895.05,0.585322,1420.5
1.852,854.653,7897.27,0.585985,1420.74
1.854,854.874,7899.48,0.586647,1420.98
1.856,855.095,7901.7,0.58731,1421.22
1.858,855.315,7903.91,0.587973,1421.46
1.86,855.536,7906.12,0.588636,1421.7
1.862,855.757,7908.34,0.589298,1421.94
1.864,855.977,7910.55,0.589961,1422.18
1.866,856.198,7912.76,0.590624,1422.42
1.868,856.418,7914.97,0.591287,1422.66
1.87,856.639,7917.18,0.59195,1422.9
1.872,856.859,7919.39,0.592613,1423.14
1.874,857.08,7921.6,0.593277,1423.38
1.876,857.3,7923.81,0.59394,1423.62
1.878,857.52,7926.03,0.594603,1423.86
1.88,857.741,7928.24,0.595267,1424.1
1.882,857.961,7930.45,0.59593,1424.34
1.884,858.181,7932.66,0.596593,1424.58
1.886,858.402,7934.87,0.597257,1424.82
1.888,858.623,7937.08,0.597921,1425.06
1.89,858.843,7939.3,0.598584,1425.3
1.892,859.064,7941.51,0.599248,1425.54
1.894,859.285,7943.73,0.599912,1425.78
1.896,859.506,7945.95,0.600576,1426.03
1.898,859.728,7948.17,0.60124,1426.27
1.9,859.949,7950.39,0.601904,1426.51
1.902,860.17,7952.61,0.602568,1426.75
1.904,860.392,7954.83,0.603232,1426.99
1.906,860.613,7957.05,0.603896,1427.23
1.908,860.835,7959.27,0.60456,1427.48
1.91,861.057,7961.5,0.605224,1427.72
1.912,861.28,7963.73,0.605889,1427.97
1.914,861.502,7965.96,0.606553,1428.21
1.916,861.725,7968.2,0.607217,1428.45
1.918,861.948,7970.44,0.607882,1428.7
1.92,862.171,7972.68,0.608546,1428.94
1.922,862.395,7974.92,0.609211,1429.19
1.924,862.619,7977.16,0.609876,1429.43
1.926,862.842,7979.41,0.61054,1429.68
1.928,863.066,7981.65,0.611205,1429.92
1.93,863.29,7983.9,0.61187,1430.17
1.932,863.515,7986.15,0.612535,1430.41
1.934,863.739,7988.4,0.6132,1430.66
1.936,863.964,7990.66,0.613865,1430.91
1.938,864.19,7992.92,0.61453,1431.15
1.94,864.415,7995.18,0.615195,1431.4
1.942,864.641,7997.44,0.615861,1431.65
1.944,864.866,7999.71,0.616526,1431.89
1.946,865.092,8001.97,0.617191,1432.14
1.948,865.318,8004.24,0.617857,1432.39
1.95,865.545,8006.51,0.618522,1432.63
1.952,865.771,8008.78,0.619188,1432.88
1.954,865.998,8011.06,0.619853,1433.13
1.956,866.225,8013.33,0.620519,1433.38
1.958,866.452,8015.61,0.621185,1433.62
1.96,866.679,8017.89,0.62185,1433.87
1.962,866.907,8020.17,0.622516,1434.12
1.964,867.134,8022.45,0.623182,1434.37
1.966,867.362,8024.74,0.623848,1434.62
1.968,867.59,8027.03,0.624514,1434.87
1.97,867.818,8029.31,0.62518,1435.12
1.972,868.046,8031.6,0.625846,1435.36
1.974,868.275,8033.89,0.626513,1435.61
1.976,868.503,8036.19,0.627179,1435.86
1.978,868.732,8038.48,0.627845,1436.11
1.98,868.961,8040.78,0.628512,1436.36
1.982,869.19,8043.07,0.629178,1436.61
1.984,869.419,8045.37,0.629845,1436.86
1.986,869.648,8047.67,0.630511,1437.11
1.988,869.877,8049.97,0.631178,1437.36
1.99,870.106,8052.27,0.631844,1437.6
1.992,870.336,8054.57,0.632511,1437.85
1.994,870.565,8056.87,0.633178,1438.1
1.996,870.795,8059.17,0.633845,1438.35
1.998,871.025,8061.48,0.634512,1438.6
2,871.254,8063.78,0.635179,1438.85
2.002,871.484,8066.08,0.635846,1439.1
2.004,871.713,8068.38,0.636513,1439.35
2.006,871.943,8070.69,0.63718,1439.59
2.008,872.173,8072.99,0.637847,1439.84
2.01,872.402,8075.3,0.638515,1440.09
2.012,872.632,8077.6,0.639182,1440.34
2.014,872.862,8079.9,0.63985,1440.59
2.016,873.091,8082.21,0.640517,1440.84
2.018,873.321,8084.51,0.641185,1441.09
2.02,873.551,8086.82,0.641852,1441.33
2.022,873.781,8089.12,0.64252,1441.58
2.024,874.01,8091.42,0.643188,1441.83
2.026,874.24,8093.72,0.643855,1442.08
2.028,874.469,8096.02,0.644523,1442.32
2.03,874.698,8098.33,0.645191,1442.57
2.032,874.928,8100.63,0.645859,1442.82
2.034,875.157,8102.93,0.646527,1443.07
2.036,875.387,8105.23,0.647195,1443.31
2.038,875.616,8107.53,0.647864,1443.56
2.04,875.845,8109.83,0.648532,1443.81
2.042,876.075,8112.13,0.6492,1444.05
2.044,876.304,8114.43,0.649868,1444.3
2.046,876.533,8116.72,0.650537,1444.55
2.048,876.762,8119.02,0.651205,1444.79
2.05,876.991,8121.32,0.651874,1445.04
2.052,877.219,8123.61,0.652543,1445.28
2.054,877.448,8125.9,0.653211,1445.53
2.056,877.677,8128.2,0.65388,1445.78
2.058,877.905,8130.49,0.654549,1446.02
2.06,878.134,8132.78,0.655218,1446.27
2.062,878.362,8135.07,0.655886,1446.52
2.064,878.591,8137.37,0.656555,1446.76
2.066,878.819,8139.66,0.657224,1447.01
2.068,879.047,8141.94,0.657893,1447.25
2.07,879.275,8144.23,0.658563,1447.5
2.072,879.503,8146.52,0.659232,1447.74
2.074,879.731,8148.81,0.659901,1447.99
2.076,879.959,8151.09,0.66057,1448.23
2.078,880.187,8153.38,0.66124,1448.48
2.08,880.415,8155.67,0.661909,1448.72
2.082,880.643,8157.95,0.662579,1448.97
2.084,880.871,8160.24,0.663248,1449.21
2.086,881.099,8162.52,0.663918,1449.46
2.088,881.326,8164.8,0.664588,1449.7
2.09,881.554,8167.09,0.665257,1449.95
2.092,881.782,8169.38,0.665927,1450.2
2.094,882.01,8171.66,0.666597,1450.44
2.096,882.238,8173.95,0.667267,1450.69
2.098,882.466,8176.24,0.667937,1450.93
2.1,882.694,8178.53,0.668607,1451.18
2.102,882.923,8180.82,0.669277,1451.43
2.104,883.151,8183.1,0.669947,1451.67
2.106,883.379,8185.39,0.670618,1451.92
2.108,883.607,8187.68,0.671288,1452.17
2.11,883.836,8189.98,0.671958,1452.41
2.112,884.064,8192.27,0.672629,1452.66
2.114,884.293,8194.56,0.673299,1452.91
2.116,884.522,8196.86,0.67397,1453.16
2.118,884.751,8199.16,0.67464,1453.41
2.12,884.981,8201.46,0.675311,1453.65
2.122,885.21,8203.76,0.675982,1453.9
2.124,885.439,8206.06,0.676653,1454.15
2.126,885.669,8208.36,0.677323,1454.4
2.128,885.899,8210.67,0.677994,1454.65
2.13,886.129,8212.97,0.678665,1454.89
2.132,886.359,8215.28,0.679336,1455.14
2.134,886.589,8217.59,0.680007,1455.39
2.136,886.819,8219.9,0.680679,1455.64
2.138,887.05,8222.21,0.68135,1455.89
2.14,887.28,8224.52,0.682021,1456.14
2.142,887.511,8226.84,0.682692,1456.39
2.144,887.742,8229.16,0.683364,1456.64
2.146,887.973,8231.47,0.684035,1456.89
2.148,888.204,8233.79,0.684707,1457.14
2.15,888.436,8236.11,0.685378,1457.39
2.152,888.667,8238.43,0.68605,1457.64
2.154,888.898,8240.76,0.686722,1457.89
2.156,889.13,8243.08,0.687393,1458.14
2.158,889.362,8245.41,0.688065,1458.39
2.16,889.594,8247.73,0.688737,1458.65
2.162,889.827,8250.06,0.689409,1458.9
2.164,890.059,8252.4,0.690081,1459.15
2.166,890.292,8254.73,0.690753,1459.4
2.168,890.525,8257.06,0.691425,1459.65
2.17,890.757,8259.4,0.692097,1459.9
2.172,890.99,8261.74,0.69277,1460.15
2.174,891.224,8264.08,0.693442,1460.4
2.176,891.457,8266.42,0.694114,1460.66
2.178,891.69,8268.76,0.694787,1460.91
2.18,891.924,8271.1,0.695459,1461.16
2.182,892.157,8273.44,0.696132,1461.41
2.184,892.391,8275.79,0.696805,1461.67
2.186,892.625,8278.14,0.697477,1461.92
2.188,892.859,8280.48,0.69815,1462.17
2.19,893.093,8282.83,0.698823,1462.42
2.192,893.328,8285.18,0.699496,1462.68
2.194,893.562,8287.53,0.700169,1462.93
2.196,893.797,8289.88,0.700842,1463.18
2.198,894.031,8292.24,0.701515,1463.43
2.2,894.266,8294.59,0.702188,1463.68
2.202,894.5,8296.94,0.702861,1463.93
2.204,894.735,8299.29,0.703534,1464.19
2.206,894.969,8301.65,0.704208,1464.44
2.208,895.204,8304,0.704881,1464.69
2.21,895.438,8306.35,0.705554,1464.94
2.212,895.673,8308.7,0.706228,1465.19
2.214,895.907,8311.05,0.706901,1465.44
2.216,896.142,8313.41,0.707575,1465.69
2.218,896.376,8315.76,0.708249,1465.94
2.22,896.611,8318.11,0.708922,1466.2
2.222,896.845,8320.46,0.709596,1466.44
2.224,897.079,8322.81,0.71027,1466.69
2.226,897.313,8325.16,0.710944,1466.94
2.228,897.547,8327.5,0.711618,1467.19
2.23,897.781,8329.84,0.712292,1467.44
2.232,898.014,8332.19,0.712966,1467.69
2.234,898.247,8334.53,0.71364,1467.94
2.236,898.481,8336.87,0.714314,1468.18
2.238,898.714,8339.21,0.714989,1468.43
2.24,898.947,8341.54,0.715663,1468.68
2.242,899.18,8343.88,0.716338,1468.93
2.244,899.413,8346.22,0.717012,1469.18
2.246,899.646,8348.55,0.717687,1469.42
2.248,899.878,8350.88,0.718361,1469.67
2.25,900.11,8353.21,0.719036,1469.92
2.252,900.343,8355.54,0.71971,1470.16
2.254,900.575,8357.87,0.720385,1470.41
2.256,900.806,8360.19,0.72106,1470.66
2.258,901.038,8362.52,0.721735,1470.9
2.26,901.27,8364.84,0.72241,1471.15
2.262,901.502,8367.17,0.723085,1471.4
2.264,901.733,8369.49,0.72376,1471.65
2.266,901.965,8371.81,0.724435,1471.89
2.268,902.196,8374.13,0.72511,1472.14
2.27,902.428,8376.46,0.725786,1472.39
2.272,902.659,8378.78,0.726461,1472.63
2.274,902.89,8381.1,0.727136,1472.88
2.276,903.122,8383.42,0.727812,1473.13
2.278,903.353,8385.74,0.728487,1473.37
2.28,903.585,8388.06,0.729163,1473.62
2.282,903.816,8390.38,0.729839,1473.87
2.284,904.047,8392.7,0.730514,1474.12
2.286,904.279,8395.02,0.73119,1474.36
2.288,904.51,8397.34,0.731866,1474.61
2.29,904.742,8399.67,0.732542,1474.86
2.292,904.974,8401.99,0.733218,1475.11
2.294,905.206,8404.32,0.733894,1475.36
2.296,905.438,8406.65,0.73457,1475.61
2.298,905.671,8408.98,0.735246,1475.86
2.3,905.903,8411.32,0.735922,1476.11
2.302,906.136,8413.65,0.736598,1476.36
2.304,906.369,8415.99,0.737274,1476.61
2.306,906.602,8418.32,0.737951,1476.86
2.308,906.835,8420.66,0.738627,1477.11
2.31,907.068,8423,0.739304,1477.36
2.312,907.302,8425.34,0.73998,1477.62
2.314,907.535,8427.69,0.740657,1477.87
2.316,907.77,8430.04,0.741333,1478.12
2.318,908.004,8432.39,0.74201,1478.38
2.32,908.239,8434.74,0.742687,1478.63
2.322,908.474,8437.1,0.743364,1478.88
2.324,908.709,8439.46,0.744041,1479.13
2.326,908.944,8441.81,0.744718,1479.39
2.328,909.179,8444.18,0.745395,1479.64
2.33,909.415,8446.54,0.746072,1479.89
2.332,909.65,8448.9,0.746749,1480.14
2.334,909.886,8451.26,0.747426,1480.39
2.336,910.122,8453.63,0.748103,1480.64
2.338,910.357,8455.99,0.748781,1480.9
2.34,910.593,8458.35,0.749458,1481.15
2.342,910.828,8460.72,0.750136,1481.4
2.344,911.064,8463.08,0.750813,1481.65
2.346,911.3,8465.44,0.751491,1481.9
2.348,911.535,8467.81,0.752168,1482.15
2.35,911.771,8470.17,0.752846,1482.4
2.352,912.006,8472.53,0.753524,1482.65
2.354,912.242,8474.9,0.754202,1482.9
2.356,912.478,8477.26,0.754879,1483.15
2.358,912.713,8479.62,0.755557,1483.4
2.36,912.948,8481.98,0.756235,1483.65
2.362,913.184,8484.34,0.756914,1483.9
2.364,913.419,8486.7,0.757592,1484.15
2.366,913.654,8489.06,0.75827,1484.4
2.368,913.89,8491.42,0.758948,1484.65
2.37,914.125,8493.78,0.759626,1484.9
2.372,914.36,8496.14,0.760305,1485.15
2.374,914.595,8498.5,0.760983,1485.4
2.376,914.83,8500.86,0.761662,1485.66
2.378,915.066,8503.22,0.76234,1485.91
2.38,915.301,8505.58,0.763019,1486.16
2.382,915.537,8507.94,0.763698,1486.41
2.384,915.772,8510.3,0.764376,1486.66
2.386,916.008,8512.67,0.765055,1486.91
2.388,916.244,8515.03,0.765734,1487.16
2.39,916.479,8517.4,0.766413,1487.42
2.392,916.715,8519.76,0.767092,1487.67
2.394,916.951,8522.13,0.767771,1487.92
2.396,917.187,8524.5,0.76845,1488.17
2.398,917.423,8526.87,0.769129,1488.42
2.4,917.66,8529.24,0.769808,1488.68
2.402,917.896,8531.61,0.770488,1488.93
2.404,918.133,8533.98,0.771167,1489.18
2.406,918.369,8536.35,0.771846,1489.43
2.408,918.606,8538.73,0.772526,1489.69
2.41,918.843,8541.11,0.773206,1489.94
2.412,919.08,8543.48,0.773885,1490.19
2.414,919.317,8545.86,0.774565,1490.45
2.416,919.554,8548.24,0.775244,1490.7
2.418,919.792,8550.62,0.775924,1490.95
2.42,920.029,8553,0.776604,1491.21
2.422,920.267,8555.38,0.777284,1491.46
2.424,920.504,8557.77,0.777964,1491.72
2.426,920.743,8560.16,0.778644,1491.97
2.428,920.981,8562.55,0.779324,1492.23
2.43,921.22,8564.94,0.780004,1492.48
2.432,921.458,8567.34,0.780684,1492.74
2.434,921.697,8569.73,0.781365,1493
2.436,921.936,8572.13,0.782045,1493.25
2.438,922.176,8574.53,0.782725,1493.51
2.44,922.415,8576.93,0.783406,1493.76
2.442,922.655,8579.34,0.784086,1494.02
2.444,922.894,8581.74,0.784767,1494.28
2.446,923.135,8584.15,0.785448,1494.53
2.448,923.375,8586.56,0.786128,1494.79
2.45,923.616,8588.98,0.786809,1495.05
2.452,923.857,8591.39,0.78749,1495.31
2.454,924.098,8593.81,0.788171,1495.57
2.456,924.339,8596.23,0.788852,1495.82
2.458,924.581,8598.65,0.789533,1496.08
2.46,924.822,8601.08,0.790214,1496.34
2.462,925.064,8603.5,0.790895,1496.6
2.464,925.306,8605.93,0.791576,1496.86
2.466,925.548,8608.36,0.792258,1497.12
2.468,925.791,8610.79,0.792939,1497.38
2.47,926.033,8613.22,0.79362,1497.63
2.472,926.276,8615.66,0.794302,1497.89
2.474,926.519,8618.09,0.794983,1498.15
2.476,926.762,8620.53,0.795665,1498.41
2.478,927.005,8622.97,0.796346,1498.67
2.48,927.248,8625.41,0.797028,1498.93
2.482,927.491,8627.85,0.79771,1499.19
2.484,927.735,8630.29,0.798392,1499.45
2.486,927.978,8632.73,0.799074,1499.71
2.488,928.222,8635.18,0.799756,1499.96
2.49,928.465,8637.62,0.800438,1500.22
2.492,928.709,8640.07,0.80112,1500.48
2.494,928.953,8642.51,0.801802,1500.74
2.496,929.197,8644.96,0.802484,1501
2.498,929.441,8647.41,0.803166,1501.26
2.5,929.686,8649.86,0.803849,1501.52
2.502,929.93,8652.31,0.804531,1501.78
2.504,930.174,8654.76,0.805214,1502.04
2.506,930.419,8657.21,0.805896,1502.3
2.508,930.663,8659.66,0.806579,1502.56
2.51,930.908,8662.12,0.807261,1502.82
2.512,931.152,8664.57,0.807944,1503.07
2.514,931.396,8667.02,0.808627,1503.33
2.516,931.641,8669.47,0.80931,1503.59
2.518,931.885,8671.92,0.809992,1503.85
2.52,932.13,8674.38,0.810675,1504.11
2.522,932.374,8676.83,0.811358,1504.37
2.524,932.619,8679.28,0.812042,1504.63
2.526,932.863,8681.73,0.812725,1504.88
2.528,933.108,8684.18,0.813408,1505.14
2.53,933.352,8686.64,0.814091,1505.4
2.532,933.597,8689.09,0.814775,1505.66
2.534,933.841,8691.54,0.815458,1505.91
2.536,934.085,8693.98,0.816141,1506.17
2.538,934.329,8696.43,0.816825,1506.42
2.54,934.572,8698.87,0.817508,1506.68
2.542,934.816,8701.32,0.818192,1506.94
2.544,935.059,8703.76,0.818876,1507.19
2.546,935.303,8706.2,0.81956,1507.45
2.548,935.546,8708.64,0.820243,1507.71
2.55,935.79,8711.08,0.820927,1507.96
2.552,936.033,8713.52,0.821611,1508.22
2.554,936.276,8715.96,0.822295,1508.47
2.556,936.519,8718.4,0.822979,1508.73
2.558,936.763,8720.84,0.823664,1508.99
2.56,937.006,8723.28,0.824348,1509.24
2.562,937.249,8725.72,0.825032,1509.5
2.564,937.492,8728.16,0.825716,1509.76
2.566,937.735,8730.6,0.826401,1510.01
2.568,937.978,8733.03,0.827085,1510.27
2.57,938.221,8735.47,0.82777,1510.53
2.572,938.464,8737.91,0.828454,1510.78
2.574,938.707,8740.35,0.829139,1511.04
2.576,938.951,8742.79,0.829824,1511.3
2.578,939.195,8745.24,0.830508,1511.56
2.58,939.439,8747.69,0.831193,1511.82
2.582,939.684,8750.14,0.831878,1512.09
2.584,939.928,8752.6,0.832563,1512.35
2.586,940.173,8755.05,0.833248,1512.61
2.588,940.419,8757.51,0.833933,1512.87
2.59,940.664,8759.98,0.834618,1513.13
2.592,940.91,8762.44,0.835304,1513.39
2.594,941.156,8764.91,0.835989,1513.65
2.596,941.402,8767.38,0.836674,1513.92
2.598,941.649,8769.85,0.83736,1514.19
2.6,941.896,8772.33,0.838045,1514.45
2.602,942.144,8774.82,0.838731,1514.72
2.604,942.392,8777.31,0.839416,1514.99
2.606,942.641,8779.81,0.840102,1515.25
2.608,942.89,8782.31,0.840787,1515.52
2.61,943.14,8784.81,0.841473,1515.79
2.612,943.39,8787.32,0.842159,1516.06
2.614,943.641,8789.83,0.842845,1516.32
2.616,943.891,8792.34,0.843531,1516.59
2.618,944.142,8794.86,0.844217,1516.86
2.62,944.394,8797.39,0.844903,1517.13
2.622,944.646,8799.91,0.845589,1517.4
2.624,944.898,8802.45,0.846275,1517.67
2.626,945.151,8804.98,0.846962,1517.94
2.628,945.404,8807.52,0.847648,1518.21
2.63,945.658,8810.07,0.848334,1518.49
2.632,945.912,8812.61,0.849021,1518.76
2.634,946.166,8815.16,0.849707,1519.03
2.636,946.42,8817.71,0.850394,1519.3
2.638,946.675,8820.27,0.851081,1519.57
2.64,946.93,8822.83,0.851767,1519.84
2.642,947.185,8825.39,0.852454,1520.11
2.644,947.441,8827.95,0.853141,1520.38
2.646,947.697,8830.51,0.853828,1520.65
2.648,947.953,8833.08,0.854515,1520.93
2.65,948.209,8835.65,0.855202,1521.2
2.652,948.465,8838.22,0.855889,1521.47
2.654,948.721,8840.79,0.856576,1521.74
2.656,948.978,8843.37,0.857264,1522.01
2.658,949.235,8845.94,0.857951,1522.28
2.66,949.492,8848.52,0.858638,1522.56
2.662,949.749,8851.1,0.859326,1522.82
2.664,950.006,8853.67,0.860013,1523.09
2.666,950.263,8856.25,0.860701,1523.36
2.668,950.52,8858.83,0.861389,1523.63
2.67,950.776,8861.4,0.862076,1523.9
2.672,951.033,8863.98,0.862764,1524.17
2.674,951.29,8866.56,0.863452,1524.44
2.676,951.547,8869.13,0.86414,1524.71
2.678,951.804,8871.71,0.864828,1524.98
2.68,952.061,8874.28,0.865516,1525.25
2.682,952.317,8876.86,0.866204,1525.52
2.684,952.574,8879.44,0.866892,1525.79
2.686,952.83,8882.01,0.86758,1526.05
2.688,953.086,8884.58,0.868269,1526.32
2.69,953.342,8887.14,0.868957,1526.58
2.692,953.598,8889.71,0.869645,1526.85
2.694,953.854,8892.27,0.870334,1527.12
2.696,954.109,8894.83,0.871022,1527.38
2.698,954.364,8897.39,0.871711,1527.65
2.7,954.619,8899.95,0.8724,1527.91
2.702,954.874,8902.51,0.873088,1528.18
2.704,955.129,8905.06,0.873777,1528.44
2.706,955.384,8907.62,0.874466,1528.71
2.708,955.638,8910.17,0.875155,1528.97
2.71,955.892,8912.71,0.875844,1529.23
2.712,956.145,8915.26,0.876533,1529.5
2.714,956.399,8917.8,0.877222,1529.76
2.716,956.652,8920.34,0.877911,1530.02
2.718,956.905,8922.88,0.878601,1530.28
2.72,957.158,8925.41,0.87929,1530.55
2.722,957.411,8927.95,0.879979,1530.81
2.724,957.663,8930.48,0.880669,1531.07
2.726,957.915,8933.01,0.881358,1531.34
2.728,958.168,8935.54,0.882048,1531.6
2.73,958.42,8938.07,0.882738,1531.86
2.732,958.672,8940.6,0.883427,1532.12
2.734,958.923,8943.12,0.884117,1532.38
2.736,959.175,8945.64,0.884807,1532.65
2.738,959.426,8948.17,0.885497,1532.91
2.74,959.678,8950.69,0.886187,1533.17
2.742,959.929,8953.21,0.886877,1533.43
2.744,960.18,8955.73,0.887567,1533.69
2.746,960.432,8958.25,0.888257,1533.96
2.748,960.683,8960.77,0.888947,1534.22
2.75,960.934,8963.29,0.889638,1534.49
2.752,961.186,8965.81,0.890328,1534.75
2.754,961.438,8968.34,0.891018,1535.02
2.756,961.69,8970.87,0.891709,1535.29
2.758,961.942,8973.4,0.892399,1535.55
2.76,962.194,8975.93,0.89309,1535.82
2.762,962.447,8978.46,0.89378,1536.08
2.764,962.7,8981,0.894471,1536.35
2.766,962.953,8983.54,0.895162,1536.62
2.768,963.206,8986.07,0.895853,1536.88
2.77,963.459,8988.62,0.896544,1537.15
2.772,963.713,8991.16,0.897235,1537.42
2.774,963.966,8993.7,0.897926,1537.69
2.776,964.22,8996.25,0.898617,1537.95
2.778,964.474,8998.8,0.899308,1538.22
2.78,964.728,9001.35,0.899999,1538.49
2.782,964.983,9003.9,0.900691,1538.76
2.784,965.237,9006.45,0.901382,1539.02
2.786,965.492,9009.01,0.902073,1539.29
2.788,965.747,9011.56,0.902765,1539.56
2.79,966.002,9014.12,0.903456,1539.83
2.792,966.257,9016.68,0.904148,1540.09
2.794,966.512,9019.23,0.90484,1540.35
2.796,966.766,9021.78,0.905531,1540.62
2.798,967.02,9024.33,0.906223,1540.88
2.8,967.274,9026.88,0.906915,1541.14
2.802,967.527,9029.42,0.907607,1541.4
2.804,967.781,9031.96,0.908299,1541.66
2.806,968.034,9034.5,0.908991,1541.93
2.808,968.287,9037.04,0.909683,1542.19
2.81,968.54,9039.57,0.910375,1542.45
2.812,968.792,9042.11,0.911067,1542.71
2.814,969.045,9044.64,0.91176,1542.97
2.816,969.297,9047.17,0.912452,1543.23
2.818,969.549,9049.69,0.913145,1543.49
2.82,969.8,9052.22,0.913837,1543.75
2.822,970.052,9054.74,0.91453,1544.01
2.824,970.303,9057.26,0.915222,1544.27
2.826,970.554,9059.78,0.915915,1544.53
2.828,970.805,9062.29,0.916608,1544.79
2.83,971.055,9064.81,0.917301,1545.05
2.832,971.306,9067.32,0.917993,1545.31
2.834,971.556,9069.83,0.918686,1545.57
2.836,971.807,9072.34,0.919379,1545.83
2.838,972.058,9074.86,0.920072,1546.1
2.84,972.308,9077.38,0.920766,1546.36
2.842,972.559,9079.89,0.921459,1546.62
2.844,972.811,9082.41,0.922152,1546.89
2.846,973.062,9084.93,0.922845,1547.15
2.848,973.313,9087.46,0.923539,1547.41
2.85,973.565,9089.98,0.924232,1547.68
2.852,973.817,9092.5,0.924926,1547.94
2.854,974.068,9095.03,0.925619,1548.2
2.856,974.32,9097.56,0.926313,1548.47
2.858,974.572,9100.08,0.927006,1548.73
2.86,974.824,9102.61,0.9277,1548.99
2.862,975.075,9105.13,0.928394,1549.25
2.864,975.327,9107.65,0.929088,1549.51
2.866,975.578,9110.17,0.929782,1549.77
2.868,975.83,9112.7,0.930476,1550.03
2.87,976.081,9115.22,0.93117,1550.29
2.872,976.332,9117.74,0.931864,1550.55
2.874,976.583,9120.26,0.932558,1550.81
2.876,976.835,9122.77,0.933252,1551.07
2.878,977.086,9125.29,0.933947,1551.33
2.88,977.336,9127.8,0.934641,1551.58
2.882,977.586,9130.31,0.935336,1551.84
2.884,977.835,9132.81,0.93603,1552.09
2.886,978.084,9135.31,0.936725,1552.34
2.888,978.333,9137.8,0.937419,1552.6
2.89,978.581,9140.29,0.938114,1552.85
2.892,978.828,9142.77,0.938809,1553.1
2.894,979.076,9145.25,0.939503,1553.36
2.896,979.323,9147.73,0.940198,1553.61
2.898,979.569,9150.2,0.940893,1553.86
2.9,979.816,9152.67,0.941588,1554.12
2.902,980.062,9155.14,0.942283,1554.37
2.904,980.307,9157.61,0.942978,1554.62
2.906,980.553,9160.07,0.943674,1554.87
2.908,980.798,9162.53,0.944369,1555.12
2.91,981.043,9164.99,0.945064,1555.37
2.912,981.288,9167.44,0.945759,1555.62
2.914,981.532,9169.89,0.946455,1555.88
2.916,981.777,9172.34,0.94715,1556.13
2.918,982.021,9174.79,0.947846,1556.38
2.92,982.265,9177.24,0.948542,1556.63
2.922,982.509,9179.69,0.949237,1556.88
2.924,982.753,9182.13,0.949933,1557.14
2.926,982.997,9184.58,0.950629,1557.39
2.928,983.241,9187.03,0.951325,1557.65
2.93,983.485,9189.48,0.95202,1557.9
2.932,983.729,9191.93,0.952716,1558.15
2.934,983.973,9194.37,0.953412,1558.41
2.936,984.217,9196.82,0.954108,1558.66
2.938,984.461,9199.27,0.954805,1558.92
2.94,984.706,9201.72,0.955501,1559.17
2.942,984.95,9204.17,0.956197,1559.42
2.944,985.194,9206.62,0.956893,1559.68
2.946,985.439,9209.08,0.95759,1559.94
2.948,985.684,9211.53,0.958286,1560.19
2.95,985.929,9213.99,0.958983,1560.45
2.952,986.174,9216.45,0.959679,1560.7
2.954,986.419,9218.91,0.960376,1560.96
2.956,986.664,9221.37,0.961073,1561.22
2.958,986.91,9223.83,0.961769,1561.47
2.96,987.155,9226.29,0.962466,1561.73
2.962,987.401,9228.76,0.963163,1561.98
2.964,987.646,9231.22,0.96386,1562.24
2.966,987.892,9233.68,0.964557,1562.48
2.968,988.136,9236.13,0.965254,1562.73
2.97,988.38,9238.58,0.965951,1562.97
2.972,988.623,9241.02,0.966648,1563.22
2.974,988.866,9243.45,0.967346,1563.46
2.976,989.108,9245.88,0.968043,1563.71
2.978,989.35,9248.31,0.96874,1563.95
2.98,989.591,9250.73,0.969438,1564.2
2.982,989.833,9253.15,0.970135,1564.44
2.984,990.073,9255.56,0.970833,1564.69
2.986,990.313,9257.97,0.97153,1564.92
2.988,990.552,9260.36,0.972228,1565.14
2.99,990.788,9262.73,0.972926,1565.37
2.992,991.023,9265.09,0.973623,1565.59
2.994,991.257,9267.43,0.974321,1565.82
2.996,991.489,9269.76,0.975019,1566.04
2.998,991.719,9272.07,0.975717,1566.26
3,991.949,9274.38,0.976415,1566.49
3.002,992.178,9276.67,0.977113,1566.71
3.004,992.405,9278.95,0.977811,1566.93
3.006,992.632,9281.23,0.978509,1567.16
3.008,992.858,9283.49,0.979208,1567.38
3.01,993.083,9285.74,0.979906,1567.6
3.012,993.306,9287.99,0.980604,1567.82
3.014,993.53,9290.23,0.981302,1568.04
3.016,993.752,9292.46,0.982001,1568.26
3.018,993.974,9294.68,0.982699,1568.48
3.02,994.195,9296.9,0.983398,1568.7
3.022,994.415,9299.11,0.984097,1568.93
3.024,994.635,9301.32,0.984795,1569.15
3.026,994.855,9303.52,0.985494,1569.37
3.028,995.074,9305.72,0.986193,1569.6
3.03,995.295,9307.94,0.986892,1569.88
3.032,995.521,9310.2,0.98759,1570.17
3.034,995.751,9312.51,0.988289,1570.45
3.036,995.984,9314.84,0.988988,1570.73
3.038,996.22,9317.21,0.989687,1571.02
3.04,996.459,9319.61,0.990386,1571.3
3.042,996.701,9322.04,0.991086,1571.59
3.044,996.946,9324.49,0.991785,1571.87
3.046,997.193,9326.97,0.992484,1572.15
3.048,997.442,9329.47,0.993183,1572.44
3.05,997.692,9331.98,0.993883,1572.67
3.052,997.936,9334.43,0.994582,1572.82
3.054,998.172,9336.8,0.995282,1572.97
3.056,998.402,9339.1,0.995981,1573.12
3.058,998.625,9341.33,0.996681,1573.27
3.06,998.841,9343.51,0.997381,1573.42
3.062,999.053,9345.63,0.998081,1573.57
3.064,999.259,9347.7,0.99878,1573.72
3.066,999.461,9349.72,0.99948,1573.87
3.068,999.658,9351.7,1.00018,1574.02
3.07,999.852,9353.64,1.00088,1574.17
3.072,1000,9355.13,1.00158,1572.73
3.074,999.983,9354.96,1.00228,1570.55
3.076,999.805,9353.17,1.00298,1568.37
3.078,999.479,9349.9,1.00368,1566.2
3.08,999.015,9345.25,1.00438,1564.02
3.082,998.426,9339.34,1.00508,1561.84
3.084,997.72,9332.26,1.00578,1559.66
3.086,996.907,9324.1,1.00648,1557.48
3.088,995.995,9314.96,1.00718,1555.31
3.09,994.992,9304.9,1.00788,1553.13
3.092,993.905,9294,1.00857,1550.96
3.094,992.699,9281.9,1.00927,1547.62
3.096,991.336,9268.22,1.00997,1544.23
3.098,989.827,9253.09,1.01067,1540.85
3.1,988.186,9236.63,1.01137,1537.47
3.102,986.422,9218.94,1.01206,1534.09
3.104,984.545,9200.11,1.01276,1530.72
3.106,982.565,9180.25,1.01346,1527.34
3.108,980.489,9159.43,1.01415,1523.97
3.11,978.326,9137.74,1.01485,1520.6
3.112,976.083,9115.24,1.01554,1517.24
3.114,973.77,9092.03,1.01623,1514.24
3.116,971.481,9069.08,1.01693,1512.74
3.118,969.259,9046.79,1.01762,1511.24
3.12,967.099,9025.12,1.01831,1509.74
3.122,964.995,9004.03,1.019,1508.24
3.124,962.945,8983.46,1.01969,1506.75
3.126,960.943,8963.38,1.02039,1505.25
3.128,958.987,8943.75,1.02108,1503.76
3.13,957.072,8924.55,1.02176,1502.27
3.132,955.196,8905.73,1.02245,1500.78
3.134,953.355,8887.27,1.02314,1499.29
3.136,951.552,8869.19,1.02383,1498.1
3.138,949.83,8851.91,1.02452,1497.5
3.14,948.196,8835.52,1.02521,1496.9
3.142,946.644,8819.95,1.02589,1496.3
3.144,945.167,8805.14,1.02658,1495.7
3.146,943.759,8791.02,1.02727,1495.11
3.148,942.417,8777.55,1.02795,1494.51
3.15,941.133,8764.68,1.02864,1493.91
3.152,939.904,8752.35,1.02932,1493.31
3.154,938.726,8740.54,1.03001,1492.72
3.156,937.595,8729.19,1.03069,1492.12
3.158,936.506,8718.27,1.03138,1491.46
3.16,935.448,8707.66,1.03206,1490.72
3.162,934.418,8697.32,1.03274,1489.97
3.164,933.412,8687.24,1.03343,1489.23
3.166,932.43,8677.38,1.03411,1488.48
3.168,931.469,8667.74,1.03479,1487.74
3.17,930.527,8658.3,1.03548,1487
3.172,929.604,8649.04,1.03616,1486.25
3.174,928.698,8639.96,1.03684,1485.51
3.176,927.808,8631.03,1.03752,1484.77
3.178,926.932,8622.24,1.0382,1484.02
3.18,926.07,8613.6,1.03889,1483.31
3.182,925.225,8605.12,1.03957,1482.64
3.184,924.396,8596.81,1.04025,1481.97
3.186,923.583,8588.65,1.04093,1481.3
3.188,922.783,8580.62,1.04161,1480.63
3.19,921.996,8572.73,1.04229,1479.96
3.192,921.221,8564.96,1.04297,1479.29
3.194,920.457,8557.3,1.04365,1478.63
3.196,919.704,8549.74,1.04433,1477.96
3.198,918.96,8542.28,1.04501,1477.29
3.2,918.225,8534.91,1.04569,1476.62
3.202,917.498,8527.62,1.04637,1475.96
3.204,916.781,8520.42,1.04705,1475.32
3.206,916.072,8513.31,1.04773,1474.68
3.208,915.371,8506.29,1.04841,1474.04
3.21,914.679,8499.34,1.04908,1473.4
3.212,913.993,8492.46,1.04976,1472.76
3.214,913.313,8485.64,1.05044,1472.12
3.216,912.64,8478.89,1.05112,1471.48
3.218,911.972,8472.19,1.0518,1470.84
3.22,911.31,8465.55,1.05247,1470.2
3.222,910.652,8458.95,1.05315,1469.56
3.224,909.999,8452.4,1.05383,1468.93
3.226,909.351,8445.9,1.05451,1468.29
3.228,908.707,8439.43,1.05518,1467.66
3.23,908.066,8433.01,1.05586,1467.03
3.232,907.43,8426.63,1.05654,1466.4
3.234,906.797,8420.29,1.05721,1465.77
3.236,906.168,8413.97,1.05789,1465.14
3.238,905.541,8407.69,1.05857,1464.51
3.24,904.918,8401.43,1.05924,1463.88
3.242,904.297,8395.2,1.05992,1463.25
3.244,903.678,8389,1.06059,1462.62
3.246,903.062,8382.82,1.06127,1462
3.248,902.451,8376.69,1.06194,1461.42
3.25,901.845,8370.61,1.06262,1460.85
3.252,901.245,8364.59,1.06329,1460.27
3.254,900.649,8358.61,1.06397,1459.69
3.256,900.057,8352.68,1.06464,1459.12
3.258,899.47,8346.79,1.06532,1458.54
3.26,898.886,8340.94,1.06599,1457.97
3.262,898.306,8335.12,1.06667,1457.39
3.264,897.73,8329.33,1.06734,1456.82
3.266,897.156,8323.58,1.06802,1456.24
3.268,896.585,8317.86,1.06869,1455.67
3.27,896.019,8312.18,1.06936,1455.14
3.272,895.458,8306.55,1.07004,1454.61
3.274,894.902,8300.98,1.07071,1454.07
3.276,894.351,8295.44,1.07138,1453.54
3.278,893.804,8289.96,1.07206,1453.01
3.28,893.26,8284.51,1.07273,1452.48
3.282,892.721,8279.09,1.0734,1451.95
3.284,892.185,8273.71,1.07408,1451.42
3.286,891.651,8268.37,1.07475,1450.88
3.288,891.121,8263.05,1.07542,1450.35
3.29,890.594,8257.76,1.07609,1449.82
3.292,890.069,8252.5,1.07676,1449.3
3.294,889.548,8247.27,1.07744,1448.78
3.296,889.029,8242.06,1.07811,1448.25
3.298,888.512,8236.88,1.07878,1447.73
3.3,887.998,8231.72,1.07945,1447.21
3.302,887.486,8226.59,1.08012,1446.69
3.304,886.976,8221.47,1.08079,1446.16
3.306,886.468,8216.38,1.08147,1445.64
3.308,885.962,8211.3,1.08214,1445.12
3.31,885.457,8206.24,1.08281,1444.6
3.312,884.954,8201.19,1.08348,1444.07
3.314,884.453,8196.16,1.08415,1443.57
3.316,883.954,8191.16,1.08482,1443.07
3.318,883.459,8186.19,1.08549,1442.57
3.32,882.966,8181.25,1.08616,1442.08
3.322,882.475,8176.33,1.08683,1441.58
3.324,881.986,8171.43,1.0875,1441.08
3.326,881.5,8166.55,1.08817,1440.58
3.328,881.015,8161.68,1.08884,1440.08
3.33,880.532,8156.84,1.08951,1439.58
3.332,880.051,8152.01,1.09018,1439.09
3.334,879.571,8147.2,1.09085,1438.59
3.336,879.093,8142.41,1.09152,1438.1
3.338,878.617,8137.63,1.09219,1437.61
3.34,878.143,8132.88,1.09285,1437.13
3.342,877.671,8128.14,1.09352,1436.64
3.344,877.2,8123.42,1.09419,1436.16
3.346,876.732,8118.72,1.09486,1435.67
3.348,876.264,8114.03,1.09553,1435.19
3.35,875.798,8109.36,1.0962,1434.7
3.352,875.334,8104.7,1.09687,1434.22
3.354,874.871,8100.05,1.09753,1433.73
3.356,874.409,8095.42,1.0982,1433.25
3.358,873.948,8090.79,1.09887,1432.76
3.36,873.488,8086.18,1.09954,1432.28
3.362,873.029,8081.58,1.1002,1431.8
3.364,872.572,8076.99,1.10087,1431.32
3.366,872.115,8072.42,1.10154,1430.84
3.368,871.66,8067.85,1.10221,1430.36
3.37,871.206,8063.29,1.10287,1429.88
3.372,870.752,8058.74,1.10354,1429.4
3.374,870.299,8054.2,1.10421,1428.92
3.376,869.847,8049.67,1.10487,1428.44
3.378,869.396,8045.14,1.10554,1427.96
3.38,868.946,8040.62,1.10621,1427.49
3.382,868.497,8036.12,1.10687,1427.04
3.384,868.051,8031.65,1.10754,1426.59
3.386,867.607,8027.2,1.10821,1426.13
3.388,867.165,8022.77,1.10887,1425.68
3.39,866.725,8018.35,1.10954,1425.23
3.392,866.287,8013.96,1.1102,1424.78
3.394,865.851,8009.58,1.11087,1424.33
3.396,865.416,8005.22,1.11154,1423.88
3.398,864.983,8000.88,1.1122,1423.43
3.4,864.551,7996.54,1.11287,1422.98
3.402,864.12,7992.22,1.11353,1422.53
3.404,863.691,7987.92,1.1142,1422.08
3.406,863.263,7983.63,1.11486,1421.64
3.408,862.837,7979.35,1.11553,1421.19
3.41,862.411,7975.08,1.11619,1420.75
3.412,861.987,7970.83,1.11686,1420.3
3.414,861.564,7966.58,1.11752,1419.85
3.416,861.142,7962.35,1.11818,1419.41
3.418,860.721,7958.13,1.11885,1418.96
3.42,860.3,7953.91,1.11951,1418.52
3.422,859.881,7949.7,1.12018,1418.07
3.424,859.462,7945.5,1.12084,1417.63
3.426,859.045,7941.31,1.1215,1417.19
3.428,858.628,7937.14,1.12217,1416.76
3.43,858.213,7932.98,1.12283,1416.32
3.432,857.8,7928.83,1.12349,1415.89
3.434,857.387,7924.69,1.12416,1415.46
3.436,856.976,7920.56,1.12482,1415.03
3.438,856.566,7916.45,1.12548,1414.59
3.44,856.156,7912.34,1.12615,1414.16
3.442,855.748,7908.25,1.12681,1413.73
3.444,855.34,7904.16,1.12747,1413.29
3.446,854.934,7900.08,1.12814,1412.86
3.448,854.528,7896.01,1.1288,1412.43
3.45,854.123,7891.95,1.12946,1412.01
3.452,853.72,7887.9,1.13012,1411.59
3.454,853.317,7883.87,1.13079,1411.16
3.456,852.916,7879.84,1.13145,1410.74
3.458,852.516,7875.83,1.13211,1410.32
3.46,852.116,7871.82,1.13277,1409.89
3.462,851.718,7867.82,1.13343,1409.47
3.464,851.32,7863.84,1.1341,1409.05
3.466,850.923,7859.85,1.13476,1408.62
3.468,850.527,7855.88,1.13542,1408.2
3.47,850.132,7851.91,1.13608,1407.78
3.472,849.737,7847.96,1.13674,1407.37
3.474,849.344,7844.01,1.1374,1406.96
3.476,848.952,7840.08,1.13806,1406.54
3.478,848.561,7836.16,1.13872,1406.13
3.48,848.172,7832.26,1.13939,1405.72
3.482,847.783,7828.36,1.14005,1405.31
3.484,847.395,7824.47,1.14071,1404.9
3.486,847.008,7820.59,1.14137,1404.49
3.488,846.622,7816.72,1.14203,1404.08
3.49,846.237,7812.85,1.14269,1403.67
3.492,845.853,7809,1.14335,1403.26
3.494,845.469,7805.15,1.14401,1402.86
3.496,845.088,7801.32,1.14467,1402.47
3.498,844.708,7797.52,1.14533,1402.09
3.5,844.331,7793.73,1.14599,1401.7
3.502,843.955,7789.96,1.14665,1401.31
3.504,843.581,7786.21,1.14731,1400.93
3.506,843.208,7782.47,1.14797,1400.54
3.508,842.837,7778.75,1.14863,1400.15
3.51,842.467,7775.04,1.14929,1399.76
3.512,842.098,7771.34,1.14994,1399.38
3.514,841.731,7767.65,1.1506,1398.99
3.516,841.364,7763.97,1.15126,1398.61
3.518,840.999,7760.31,1.15192,1398.22
3.52,840.635,7756.66,1.15258,1397.84
3.522,840.271,7753.02,1.15324,1397.46
3.524,839.909,7749.38,1.1539,1397.07
3.526,839.548,7745.76,1.15456,1396.69
3.528,839.188,7742.15,1.15521,1396.31
3.53,838.829,7738.54,1.15587,1395.93
3.532,838.47,7734.95,1.15653,1395.54
3.534,838.112,7731.36,1.15719,1395.16
3.536,837.755,7727.78,1.15785,1394.78
3.538,837.399,7724.2,1.1585,1394.39
3.54,837.043,7720.63,1.15916,1394.01
3.542,836.687,7717.06,1.15982,1393.63
3.544,836.332,7713.51,1.16048,1393.25
3.546,835.978,7709.95,1.16114,1392.86
3.548,835.624,7706.4,1.16179,1392.48
3.55,835.271,7702.86,1.16245,1392.1
3.552,834.918,7699.31,1.16311,1391.72
3.554,834.565,7695.78,1.16376,1391.33
3.556,834.213,7692.24,1.16442,1390.95
3.558,833.861,7688.71,1.16508,1390.57
3.56,833.509,7685.19,1.16574,1390.19
3.562,833.158,7681.67,1.16639,1389.81
3.564,832.808,7678.16,1.16705,1389.45
3.566,832.46,7674.66,1.16771,1389.08
3.568,832.112,7671.18,1.16836,1388.72
3.57,831.766,7667.7,1.16902,1388.35
3.572,831.421,7664.24,1.16967,1387.99
3.574,831.077,7660.79,1.17033,1387.63
3.576,830.733,7657.35,1.17099,1387.26
3.578,830.391,7653.91,1.17164,1386.9
3.58,830.049,7650.49,1.1723,1386.53
3.582,829.709,7647.07,1.17295,1386.17
3.584,829.369,7643.66,1.17361,1385.8
3.586,829.03,7640.26,1.17427,1385.45
3.588,828.692,7636.87,1.17492,1385.09
3.59,828.355,7633.49,1.17558,1384.74
3.592,828.019,7630.12,1.17623,1384.38
3.594,827.684,7626.76,1.17689,1384.03
3.596,827.351,7623.42,1.17754,1383.67
3.598,827.017,7620.07,1.1782,1383.32
3.6,826.685,7616.74,1.17885,1382.96
3.602,826.354,7613.42,1.17951,1382.61
3.604,826.023,7610.1,1.18016,1382.25
3.606,825.693,7606.79,1.18082,1381.9
3.608,825.363,7603.48,1.18147,1381.54
3.61,825.034,7600.18,1.18212,1381.19
3.612,824.706,7596.89,1.18278,1380.83
3.614,824.378,7593.6,1.18343,1380.48
3.616,824.051,7590.32,1.18409,1380.13
3.618,823.724,7587.04,1.18474,1379.77
3.62,823.398,7583.77,1.1854,1379.42
3.622,823.073,7580.51,1.18605,1379.07
3.624,822.747,7577.24,1.1867,1378.72
3.626,822.422,7573.99,1.18736,1378.36
3.628,822.098,7570.73,1.18801,1378.01
3.63,821.774,7567.48,1.18866,1377.66
3.632,821.451,7564.24,1.18932,1377.32
3.634,821.128,7561.01,1.18997,1376.97
3.636,820.807,7557.78,1.19062,1376.63
3.638,820.487,7554.57,1.19128,1376.29
3.64,820.167,7551.36,1.19193,1375.95
3.642,819.848,7548.16,1.19258,1375.61
3.644,819.53,7544.97,1.19324,1375.27
3.646,819.212,7541.79,1.19389,1374.92
3.648,818.896,7538.61,1.19454,1374.58
3.65,818.579,7535.44,1.1952,1374.24
3.652,818.264,7532.27,1.19585,1373.9
3.654,817.948,7529.11,1.1965,1373.56
3.656,817.634,7525.95,1.19715,1373.22
3.658,817.319,7522.8,1.19781,1372.87
3.66,817.005,7519.65,1.19846,1372.53
3.662,816.692,7516.5,1.19911,1372.19
3.664,816.378,7513.36,1.19976,1371.85
3.666,816.065,7510.22,1.20041,1371.5
3.668,815.753,7507.09,1.20107,1371.16
3.67,815.44,7503.95,1.20172,1370.82
3.672,815.128,7500.82,1.20237,1370.48
3.674,814.816,7497.69,1.20302,1370.14
3.676,814.505,7494.57,1.20367,1369.79
3.678,814.193,7491.44,1.20432,1369.45
3.68,813.881,7488.32,1.20498,1369.1
3.682,813.569,7485.19,1.20563,1368.75
3.684,813.257,7482.06,1.20628,1368.4
3.686,812.946,7478.93,1.20693,1368.06
3.688,812.634,7475.8,1.20758,1367.71
3.69,812.321,7472.67,1.20823,1367.36
3.692,812.009,7469.54,1.20888,1367.01
3.694,811.697,7466.41,1.20953,1366.67
3.696,811.385,7463.28,1.21018,1366.32
3.698,811.073,7460.15,1.21083,1365.97
3.7,810.761,7457.02,1.21148,1365.63
3.702,810.449,7453.89,1.21213,1365.29
3.704,810.137,7450.76,1.21278,1364.94
3.706,809.826,7447.64,1.21343,1364.6
3.708,809.514,7444.52,1.21408,1364.26
3.71,809.203,7441.4,1.21474,1363.91
3.712,808.893,7438.28,1.21538,1363.57
3.714,808.582,7435.16,1.21603,1363.23
3.716,808.271,7432.05,1.21668,1362.89
3.718,807.961,7428.94,1.21733,1362.54
3.72,807.651,7425.82,1.21798,1362.2
3.722,807.341,7422.72,1.21863,1361.86
3.724,807.032,7419.61,1.21928,1361.53
3.726,806.723,7416.51,1.21993,1361.19
3.728,806.414,7413.42,1.22058,1360.86
3.73,806.107,7410.34,1.22123,1360.53
3.732,805.8,7407.26,1.22188,1360.19
3.734,805.493,7404.18,1.22253,1359.86
3.736,805.187,7401.11,1.22318,1359.52
3.738,804.881,7398.04,1.22383,1359.19
3.74,804.576,7394.98,1.22448,1358.86
3.742,804.271,7391.93,1.22512,1358.52
3.744,803.967,7388.87,1.22577,1358.19
3.746,803.663,7385.82,1.22642,1357.86
3.748,803.359,7382.78,1.22707,1357.53
3.75,803.056,7379.74,1.22772,1357.2
3.752,802.754,7376.71,1.22837,1356.87
3.754,802.452,7373.68,1.22901,1356.55
3.756,802.151,7370.66,1.22966,1356.22
3.758,801.85,7367.64,1.23031,1355.89
3.76,801.55,7364.63,1.23096,1355.56
3.762,801.25,7361.62,1.23161,1355.23
3.764,800.95,7358.61,1.23225,1354.9
3.766,800.651,7355.61,1.2329,1354.57
3.768,800.352,7352.61,1.23355,1354.25
3.77,800.053,7349.62,1.2342,1353.93
3.772,799.756,7346.64,1.23484,1353.61
3.774,799.459,7343.66,1.23549,1353.29
3.776,799.164,7340.69,1.23614,1352.97
3.778,798.868,7337.73,1.23679,1352.65
3.78,798.574,7334.78,1.23743,1352.34
3.782,798.28,7331.83,1.23808,1352.02
3.784,797.987,7328.89,1.23873,1351.7
3.786,797.695,7325.96,1.23937,1351.38
3.788,797.403,7323.03,1.24002,1351.06
3.79,797.111,7320.11,1.24067,1350.75
3.792,796.82,7317.19,1.24131,1350.44
3.794,796.531,7314.28,1.24196,1350.13
3.796,796.242,7311.39,1.24261,1349.83
3.798,795.955,7308.51,1.24325,1349.53
3.8,795.669,7305.65,1.2439,1349.23
3.802,795.385,7302.79,1.24454,1348.93
3.804,795.101,7299.95,1.24519,1348.63
3.806,794.819,7297.11,1.24584,1348.33
3.808,794.537,7294.29,1.24648,1348.03
3.81,794.256,7291.47,1.24713,1347.73
3.812,793.976,7288.66,1.24777,1347.43
3.814,793.697,7285.86,1.24842,1347.13
3.816,793.418,7283.06,1.24907,1346.82
3.818,793.14,7280.28,1.24971,1346.52
3.82,792.862,7277.49,1.25036,1346.22
3.822,792.585,7274.71,1.251,1345.91
3.824,792.308,7271.93,1.25165,1345.61
3.826,792.032,7269.16,1.25229,1345.31
3.828,791.756,7266.39,1.25294,1345
3.83,791.48,7263.63,1.25358,1344.7
3.832,791.205,7260.87,1.25423,1344.39
3.834,790.93,7258.11,1.25487,1344.09
3.836,790.655,7255.35,1.25552,1343.79
3.838,790.38,7252.6,1.25616,1343.48
3.84,790.106,7249.84,1.25681,1343.17
3.842,789.831,7247.08,1.25745,1342.86
3.844,789.556,7244.32,1.25809,1342.54
3.846,789.28,7241.56,1.25874,1342.23
3.848,789.004,7238.79,1.25938,1341.92
3.85,788.728,7236.02,1.26003,1341.6
3.852,788.452,7233.25,1.26067,1341.29
3.854,788.176,7230.48,1.26132,1340.98
3.856,787.899,7227.71,1.26196,1340.67
3.858,787.622,7224.93,1.2626,1340.35
3.86,787.345,7222.15,1.26325,1340.04
3.862,787.068,7219.38,1.26389,1339.73
3.864,786.791,7216.6,1.26454,1339.42
3.866,786.515,7213.82,1.26518,1339.11
3.868,786.238,7211.05,1.26582,1338.8
3.87,785.962,7208.28,1.26647,1338.5
3.872,785.685,7205.5,1.26711,1338.19
3.874,785.409,7202.73,1.26775,1337.88
3.876,785.133,7199.96,1.2684,1337.57
3.878,784.857,7197.2,1.26904,1337.26
3.88,784.581,7194.43,1.26968,1336.95
3.882,784.305,7191.66,1.27033,1336.65
3.884,784.03,7188.9,1.27097,1336.34
3.886,783.754,7186.13,1.27161,1336.04
3.888,783.479,7183.38,1.27225,1335.74
3.89,783.205,7180.63,1.2729,1335.44
3.892,782.931,7177.88,1.27354,1335.14
3.894,782.658,7175.14,1.27418,1334.84
3.896,782.385,7172.4,1.27482,1334.54
3.898,782.113,7169.67,1.27547,1334.24
3.9,781.841,7166.94,1.27611,1333.94
3.902,781.569,7164.21,1.27675,1333.64
3.904,781.297,7161.49,1.27739,1333.34
3.906,781.026,7158.77,1.27803,1333.04
3.908,780.756,7156.06,1.27868,1332.74
3.91,780.485,7153.35,1.27932,1332.44
3.912,780.215,7150.64,1.27996,1332.14
3.914,779.945,7147.93,1.2806,1331.84
3.916,779.675,7145.22,1.28124,1331.54
3.918,779.406,7142.52,1.28189,1331.24
3.92,779.137,7139.82,1.28253,1330.94
3.922,778.868,7137.12,1.28317,1330.64
3.924,778.599,7134.42,1.28381,1330.34
3.926,778.33,7131.73,1.28445,1330.04
3.928,778.061,7129.03,1.28509,1329.74
3.93,777.793,7126.34,1.28573,1329.44
3.932,777.525,7123.65,1.28637,1329.14
3.934,777.257,7120.96,1.28701,1328.84
3.936,776.989,7118.28,1.28766,1328.54
3.938,776.721,7115.59,1.2883,1328.24
3.94,776.454,7112.91,1.28894,1327.94
3.942,776.186,7110.23,1.28958,1327.64
3.944,775.919,7107.55,1.29022,1327.35
3.946,775.652,7104.87,1.29086,1327.05
3.948,775.385,7102.19,1.2915,1326.75
3.95,775.118,7099.51,1.29214,1326.45
3.952,774.851,7096.84,1.29278,1326.15
3.954,774.585,7094.16,1.29342,1325.85
3.956,774.318,7091.49,1.29406,1325.56
3.958,774.052,7088.82,1.2947,1325.26
3.96,773.786,7086.16,1.29534,1324.97
3.962,773.521,7083.49,1.29598,1324.67
3.964,773.256,7080.83,1.29662,1324.38
3.966,772.991,7078.18,1.29726,1324.08
3.968,772.727,7075.52,1.2979,1323.79
3.97,772.462,7072.87,1.29854,1323.49
3.972,772.198,7070.23,1.29918,1323.2
3.974,771.934,7067.58,1.29982,1322.91
3.976,771.671,7064.93,1.30046,1322.61
3.978,771.407,7062.29,1.3011,1322.32
3.98,771.144,7059.66,1.30174,1322.03
3.982,770.882,7057.02,1.30237,1321.74
3.984,770.62,7054.4,1.30301,1321.46
3.986,770.359,7051.78,1.30365,1321.17
3.988,770.098,7049.16,1.30429,1320.88
3.99,769.838,7046.55,1.30493,1320.6
3.992,769.578,7043.94,1.30557,1320.31
3.994,769.318,7041.34,1.30621,1320.02
3.996,769.059,7038.74,1.30685,1319.74
3.998,768.801,7036.15,1.30748,1319.45
4,768.542,7033.55,1.30812,1319.16
4.002,768.284,7030.97,1.30876,1318.88
4.004,768.027,7028.38,1.3094,1318.59
4.006,767.77,7025.8,1.31004,1318.31
4.008,767.513,7023.23,1.31068,1318.03
4.01,767.257,7020.66,1.31131,1317.75
4.012,767.001,7018.1,1.31195,1317.47
4.014,766.746,7015.54,1.31259,1317.18
4.016,766.491,7012.98,1.31323,1316.9
4.018,766.237,7010.43,1.31387,1316.62
4.02,765.983,7007.88,1.3145,1316.34
4.022,765.729,7005.34,1.31514,1316.06
4.024,765.476,7002.8,1.31578,1315.77
4.026,765.223,7000.26,1.31642,1315.49
4.028,764.97,6997.72,1.31705,1315.21
4.03,764.717,6995.19,1.31769,1314.93
4.032,764.465,6992.66,1.31833,1314.65
4.034,764.213,6990.13,1.31896,1314.36
4.036,763.961,6987.6,1.3196,1314.08
4.038,763.709,6985.08,1.32024,1313.8
4.04,763.458,6982.56,1.32088,1313.52
4.042,763.207,6980.04,1.32151,1313.24
4.044,762.956,6977.52,1.32215,1312.96
4.046,762.705,6975,1.32279,1312.67
4.048,762.454,6972.49,1.32342,1312.39
4.05,762.204,6969.98,1.32406,1312.11
4.052,761.953,6967.46,1.3247,1311.83
4.054,761.703,6964.95,1.32533,1311.55
4.056,761.453,6962.45,1.32597,1311.27
4.058,761.203,6959.94,1.3266,1310.98
4.06,760.953,6957.43,1.32724,1310.7
4.062,760.703,6954.93,1.32788,1310.42
4.064,760.453,6952.42,1.32851,1310.14
4.066,760.204,6949.92,1.32915,1309.86
4.068,759.954,6947.42,1.32979,1309.58
4.07,759.705,6944.92,1.33042,1309.3
4.072,759.456,6942.42,1.33106,1309.01
4.074,759.207,6939.92,1.33169,1308.73
4.076,758.957,6937.42,1.33233,1308.45
4.078,758.708,6934.92,1.33296,1308.16
4.08,758.459,6932.42,1.3336,1307.88
4.082,758.21,6929.92,1.33423,1307.6
4.084,757.96,6927.42,1.33487,1307.31
4.086,757.711,6924.92,1.33551,1307.03
4.088,757.462,6922.42,1.33614,1306.75
4.09,757.213,6919.92,1.33678,1306.46
4.092,756.963,6917.42,1.33741,1306.18
4.094,756.714,6914.91,1.33805,1305.9
4.096,756.465,6912.41,1.33868,1305.61
4.098,756.215,6909.91,1.33932,1305.32
4.1,755.965,6907.4,1.33995,1305.03
4.102,755.715,6904.89,1.34058,1304.74
4.104,755.464,6902.38,1.34122,1304.45
4.106,755.213,6899.86,1.34185,1304.15
4.108,754.961,6897.34,1.34249,1303.86
4.11,754.71,6894.81,1.34312,1303.57
4.112,754.458,6892.28,1.34376,1303.28
4.114,754.205,6889.75,1.34439,1302.99
4.116,753.953,6887.22,1.34503,1302.7
4.118,753.7,6884.69,1.34566,1302.41
4.12,753.447,6882.15,1.34629,1302.11
4.122,753.194,6879.61,1.34693,1301.82
4.124,752.941,6877.07,1.34756,1301.53
4.126,752.687,6874.52,1.34819,1301.24
4.128,752.433,6871.98,1.34883,1300.94
4.13,752.179,6869.43,1.34946,1300.65
4.132,751.925,6866.88,1.3501,1300.36
4.134,751.67,6864.33,1.35073,1300.06
4.136,751.416,6861.77,1.35136,1299.77
4.138,751.161,6859.22,1.352,1299.48
4.14,750.906,6856.66,1.35263,1299.19
4.142,750.651,6854.1,1.35326,1298.89
4.144,750.396,6851.55,1.3539,1298.6
4.146,750.141,6848.99,1.35453,1298.32
4.148,749.887,6846.44,1.35516,1298.03
4.15,749.633,6843.89,1.35579,1297.75
4.152,749.379,6841.34,1.35643,1297.46
4.154,749.125,6838.8,1.35706,1297.18
4.156,748.872,6836.26,1.35769,1296.89
4.158,748.619,6833.72,1.35833,1296.61
4.16,748.366,6831.18,1.35896,1296.33
4.162,748.113,6828.65,1.35959,1296.04
4.164,747.861,6826.12,1.36022,1295.76
4.166,747.609,6823.59,1.36085,1295.47
4.168,747.357,6821.06,1.36149,1295.19
4.17,747.105,6818.54,1.36212,1294.91
4.172,746.854,6816.02,1.36275,1294.63
4.174,746.603,6813.5,1.36338,1294.35
4.176,746.352,6810.99,1.36402,1294.07
4.178,746.102,6808.48,1.36465,1293.79
4.18,745.852,6805.97,1.36528,1293.5
4.182,745.603,6803.47,1.36591,1293.22
4.184,745.353,6800.96,1.36654,1292.94
4.186,745.104,6798.47,1.36717,1292.66
4.188,744.855,6795.97,1.3678,1292.38
4.19,744.607,6793.48,1.36844,1292.1
4.192,744.358,6790.98,1.36907,1291.82
4.194,744.11,6788.5,1.3697,1291.55
4.196,743.862,6786.01,1.37033,1291.27
4.198,743.615,6783.53,1.37096,1290.99
4.2,743.368,6781.05,1.37159,1290.71
4.202,743.121,6778.57,1.37222,1290.43
4.204,742.874,6776.1,1.37285,1290.16
4.206,742.628,6773.63,1.37348,1289.88
4.208,742.382,6771.16,1.37412,1289.6
4.21,742.136,6768.69,1.37475,1289.32
4.212,741.89,6766.23,1.37538,1289.05
4.214,741.645,6763.77,1.37601,1288.77
4.216,741.399,6761.31,1.37664,1288.49
4.218,741.155,6758.85,1.37727,1288.22
4.22,740.91,6756.4,1.3779,1287.95
4.222,740.666,6753.95,1.37853,1287.68
4.224,740.423,6751.51,1.37916,1287.4
4.226,740.18,6749.07,1.37979,1287.13
4.228,739.937,6746.63,1.38042,1286.86
4.23,739.694,6744.2,1.38105,1286.58
4.232,739.452,6741.77,1.38168,1286.31
4.234,739.21,6739.34,1.38231,1286.04
4.236,738.968,6736.92,1.38294,1285.77
4.238,738.726,6734.49,1.38357,1285.49
4.24,738.485,6732.07,1.3842,1285.22
4.242,738.244,6729.66,1.38483,1284.95
4.244,738.003,6727.24,1.38546,1284.68
4.246,737.763,6724.83,1.38609,1284.41
4.248,737.522,6722.42,1.38671,1284.13
4.25,737.282,6720.01,1.38734,1283.86
4.252,737.042,6717.61,1.38797,1283.59
4.254,736.803,6715.2,1.3886,1283.32
4.256,736.563,6712.8,1.38923,1283.05
4.258,736.324,6710.4,1.38986,1282.78
4.26,736.085,6708,1.39049,1282.51
4.262,735.846,6705.61,1.39112,1282.24
4.264,735.608,6703.21,1.39175,1281.96
4.266,735.369,6700.82,1.39238,1281.69
4.268,735.13,6698.42,1.393,1281.42
4.27,734.892,6696.03,1.39363,1281.14
4.272,734.653,6693.64,1.39426,1280.87
4.274,734.414,6691.25,1.39489,1280.6
4.276,734.176,6688.85,1.39552,1280.32
4.278,733.938,6686.46,1.39615,1280.05
4.28,733.699,6684.07,1.39677,1279.78
4.282,733.461,6681.68,1.3974,1279.5
4.284,733.223,6679.29,1.39803,1279.23
4.286,732.984,6676.9,1.39866,1278.96
4.288,732.746,6674.51,1.39929,1278.69
4.29,732.508,6672.13,1.39991,1278.42
4.292,732.271,6669.74,1.40054,1278.15
4.294,732.033,6667.36,1.40117,1277.88
4.296,731.796,6664.98,1.4018,1277.61
4.298,731.559,6662.61,1.40242,1277.34
4.3,731.322,6660.23,1.40305,1277.07
4.302,731.086,6657.86,1.40368,1276.8
4.304,730.849,6655.49,1.40431,1276.53
4.306,730.613,6653.11,1.40493,1276.26
4.308,730.377,6650.75,1.40556,1275.99
4.31,730.141,6648.38,1.40619,1275.73
4.312,729.905,6646.01,1.40681,1275.46
4.314,729.669,6643.65,1.40744,1275.19
4.316,729.433,6641.28,1.40807,1274.92
4.318,729.198,6638.92,1.40869,1274.65
4.32,728.962,6636.56,1.40932,1274.38
4.322,728.727,6634.2,1.40995,1274.11
4.324,728.492,6631.84,1.41057,1273.84
4.326,728.257,6629.48,1.4112,1273.57
4.328,728.022,6627.12,1.41183,1273.3
4.33,727.787,6624.77,1.41245,1273.03
4.332,727.552,6622.41,1.41308,1272.77
4.334,727.317,6620.06,1.41371,1272.5
4.336,727.083,6617.71,1.41433,1272.23
4.338,726.849,6615.36,1.41496,1271.97
4.34,726.615,6613.01,1.41558,1271.7
4.342,726.381,6610.67,1.41621,1271.43
4.344,726.147,6608.32,1.41684,1271.17
4.346,725.914,6605.98,1.41746,1270.9
4.348,725.68,6603.64,1.41809,1270.64
4.35,725.447,6601.3,1.41871,1270.37
4.352,725.214,6598.97,1.41934,1270.1
4.354,724.982,6596.63,1.41996,1269.84
4.356,724.749,6594.3,1.42059,1269.57
4.358,724.517,6591.97,1.42122,1269.31
4.36,724.285,6589.64,1.42184,1269.05
4.362,724.053,6587.32,1.42247,1268.79
4.364,723.822,6585,1.42309,1268.53
4.366,723.591,6582.68,1.42372,1268.27
4.368,723.36,6580.37,1.42434,1268.01
4.37,723.13,6578.06,1.42497,1267.75
4.372,722.9,6575.75,1.42559,1267.49
4.374,722.671,6573.45,1.42622,1267.23
4.376,722.441,6571.15,1.42684,1266.97
4.378,722.212,6568.85,1.42747,1266.71
4.38,721.983,6566.56,1.42809,1266.45
4.382,721.755,6564.27,1.42871,1266.19
4.384,721.526,6561.98,1.42934,1265.93
4.386,721.298,6559.69,1.42996,1265.67
4.388,721.07,6557.4,1.43059,1265.4
4.39,720.842,6555.11,1.43121,1265.14
4.392,720.614,6552.83,1.43184,1264.88
4.394,720.386,6550.54,1.43246,1264.62
4.396,720.159,6548.26,1.43308,1264.36
4.398,719.931,6545.97,1.43371,1264.1
4.4,719.703,6543.69,1.43433,1263.83
4.402,719.476,6541.41,1.43496,1263.57
4.404,719.249,6539.13,1.43558,1263.31
4.406,719.021,6536.85,1.4362,1263.05
4.408,718.794,6534.57,1.43683,1262.79
4.41,718.567,6532.29,1.43745,1262.52
4.412,718.339,6530.01,1.43807,1262.26
4.414,718.112,6527.73,1.4387,1261.99
4.416,717.885,6525.45,1.43932,1261.73
4.418,717.657,6523.17,1.43994,1261.47
4.42,717.43,6520.88,1.44057,1261.2
4.422,717.202,6518.6,1.44119,1260.94
4.424,716.974,6516.32,1.44181,1260.67
4.426,716.747,6514.04,1.44244,1260.41
4.428,716.519,6511.75,1.44306,1260.15
4.43,716.292,6509.47,1.44368,1259.88
4.432,716.064,6507.19,1.44431,1259.62
4.434,715.837,6504.91,1.44493,1259.36
4.436,715.609,6502.62,1.44555,1259.09
4.438,715.382,6500.34,1.44617,1258.83
4.44,715.154,6498.06,1.4468,1258.57
4.442,714.927,6495.78,1.44742,1258.3
4.444,714.699,6493.5,1.44804,1258.04
4.446,714.472,6491.21,1.44866,1257.77
4.448,714.244,6488.93,1.44929,1257.51
4.45,714.017,6486.65,1.44991,1257.25
4.452,713.789,6484.37,1.45053,1256.98
4.454,713.562,6482.09,1.45115,1256.72
4.456,713.335,6479.81,1.45177,1256.46
4.458,713.107,6477.53,1.4524,1256.2
4.46,712.88,6475.25,1.45302,1255.93
4.462,712.653,6472.97,1.45364,1255.67
4.464,712.425,6470.69,1.45426,1255.41
4.466,712.198,6468.41,1.45488,1255.14
4.468,711.971,6466.13,1.4555,1254.88
4.47,711.744,6463.86,1.45613,1254.62
4.472,711.517,6461.58,1.45675,1254.35
4.474,711.29,6459.3,1.45737,1254.09
4.476,711.063,6457.02,1.45799,1253.83
4.478,710.836,6454.75,1.45861,1253.57
4.48,710.609,6452.47,1.45923,1253.3
4.482,710.382,6450.2,1.45985,1253.04
4.484,710.156,6447.93,1.46047,1252.78
4.486,709.93,6445.66,1.4611,1252.52
4.488,709.703,6443.39,1.46172,1252.26
4.49,709.477,6441.12,1.46234,1252
4.492,709.251,6438.85,1.46296,1251.74
4.494,709.025,6436.59,1.46358,1251.48
4.496,708.799,6434.32,1.4642,1251.22
4.498,708.574,6432.06,1.46482,1250.96
4.5,708.348,6429.79,1.46544,1250.7
4.502,708.123,6427.53,1.46606,1250.44
4.504,707.897,6425.27,1.46668,1250.18
4.506,707.673,6423.02,1.4673,1249.93
4.508,707.448,6420.77,1.46792,1249.67
4.51,707.224,6418.52,1.46854,1249.42
4.512,707,6416.27,1.46916,1249.17
4.514,706.777,6414.03,1.46978,1248.91
4.516,706.553,6411.79,1.4704,1248.66
4.518,706.331,6409.56,1.47102,1248.4
4.52,706.108,6407.32,1.47164,1248.15
4.522,705.885,6405.09,1.47226,1247.89
4.524,705.663,6402.86,1.47288,1247.64
4.526,705.441,6400.64,1.4735,1247.38
4.528,705.22,6398.42,1.47412,1247.13
4.53,704.998,6396.19,1.47474,1246.88
4.532,704.777,6393.98,1.47536,1246.63
4.534,704.556,6391.76,1.47598,1246.37
4.536,704.335,6389.55,1.4766,1246.12
4.538,704.115,6387.34,1.47722,1245.87
4.54,703.895,6385.13,1.47783,1245.61
4.542,703.675,6382.92,1.47845,1245.36
4.544,703.455,6380.71,1.47907,1245.11
4.546,703.235,6378.51,1.47969,1244.86
4.548,703.016,6376.31,1.48031,1244.6
4.55,702.796,6374.11,1.48093,1244.35
4.552,702.577,6371.91,1.48155,1244.1
4.554,702.359,6369.72,1.48217,1243.85
4.556,702.14,6367.53,1.48278,1243.6
4.558,701.922,6365.34,1.4834,1243.35
4.56,701.704,6363.15,1.48402,1243.1
4.562,701.486,6360.97,1.48464,1242.85
4.564,701.269,6358.79,1.48526,1242.6
4.566,701.052,6356.61,1.48588,1242.35
4.568,700.835,6354.43,1.48649,1242.11
4.57,700.618,6352.26,1.48711,1241.86
4.572,700.401,6350.09,1.48773,1241.61
4.574,700.185,6347.92,1.48835,1241.36
4.576,699.969,6345.75,1.48897,1241.11
4.578,699.753,6343.59,1.48958,1240.87
4.58,699.538,6341.43,1.4902,1240.63
4.582,699.323,6339.27,1.49082,1240.38
4.584,699.109,6337.12,1.49144,1240.14
4.586,698.895,6334.98,1.49205,1239.9
4.588,698.681,6332.83,1.49267,1239.66
4.59,698.468,6330.7,1.49329,1239.41
4.592,698.255,6328.56,1.49391,1239.17
4.594,698.042,6326.43,1.49452,1238.93
4.596,697.83,6324.3,1.49514,1238.68
4.598,697.618,6322.17,1.49576,1238.44
4.6,697.406,6320.05,1.49638,1238.2
4.602,697.195,6317.92,1.49699,1237.95
4.604,696.983,6315.8,1.49761,1237.71
4.606,696.772,6313.68,1.49823,1237.46
4.608,696.561,6311.56,1.49884,1237.22
4.61,696.35,6309.45,1.49946,1236.97
4.612,696.139,6307.33,1.50008,1236.73
4.614,695.928,6305.22,1.50069,1236.49
4.616,695.717,6303.1,1.50131,1236.24
4.618,695.506,6300.99,1.50193,1236
4.62,695.296,6298.88,1.50254,1235.75
4.622,695.086,6296.77,1.50316,1235.51
4.624,694.875,6294.66,1.50378,1235.26
4.626,694.665,6292.55,1.50439,1235.02
4.628,694.455,6290.44,1.50501,1234.77
4.63,694.245,6288.33,1.50562,1234.53
4.632,694.035,6286.23,1.50624,1234.28
4.634,693.824,6284.12,1.50686,1234.04
4.636,693.614,6282.01,1.50747,1233.79
4.638,693.404,6279.91,1.50809,1233.55
4.64,693.195,6277.8,1.5087,1233.3
4.642,692.985,6275.7,1.50932,1233.06
4.644,692.775,6273.59,1.50993,1232.81
4.646,692.565,6271.49,1.51055,1232.57
4.648,692.355,6269.38,1.51117,1232.32
4.65,692.146,6267.28,1.51178,1232.08
4.652,691.936,6265.18,1.5124,1231.84
4.654,691.727,6263.08,1.51301,1231.6
4.656,691.518,6260.98,1.51363,1231.35
4.658,691.309,6258.89,1.51424,1231.11
4.66,691.1,6256.79,1.51486,1230.87
4.662,690.892,6254.7,1.51547,1230.63
4.664,690.683,6252.61,1.51609,1230.39
4.666,690.475,6250.52,1.5167,1230.14
4.668,690.267,6248.43,1.51732,1229.9
4.67,690.058,6246.35,1.51793,1229.66
4.672,689.851,6244.26,1.51855,1229.42
4.674,689.643,6242.17,1.51916,1229.18
4.676,689.435,6240.09,1.51978,1228.93
4.678,689.227,6238.01,1.52039,1228.69
4.68,689.02,6235.93,1.52101,1228.45
4.682,688.812,6233.84,1.52162,1228.21
4.684,688.605,6231.76,1.52223,1227.97
4.686,688.397,6229.68,1.52285,1227.72
4.688,688.19,6227.61,1.52346,1227.48
4.69,687.983,6225.53,1.52408,1227.24
4.692,687.776,6223.45,1.52469,1227
4.694,687.569,6221.37,1.5253,1226.76
4.696,687.362,6219.3,1.52592,1226.52
4.698,687.155,6217.22,1.52653,1226.27
4.7,686.948,6215.15,1.52715,1226.03
4.702,686.741,6213.07,1.52776,1225.79
4.704,686.535,6211,1.52837,1225.55
4.706,686.328,6208.93,1.52899,1225.31
4.708,686.122,6206.86,1.5296,1225.06
4.71,685.915,6204.79,1.53021,1224.82
4.712,685.709,6202.71,1.53083,1224.58
4.714,685.502,6200.64,1.53144,1224.34
4.716,685.296,6198.57,1.53205,1224.1
4.718,685.089,6196.5,1.53267,1223.86
4.72,684.883,6194.44,1.53328,1223.61
4.722,684.677,6192.37,1.53389,1223.38
4.724,684.471,6190.3,1.53451,1223.14
4.726,684.265,6188.24,1.53512,1222.9
4.728,684.06,6186.18,1.53573,1222.66
4.73,683.855,6184.12,1.53635,1222.42
4.732,683.649,6182.06,1.53696,1222.19
4.734,683.444,6180,1.53757,1221.95
4.736,683.24,6177.95,1.53818,1221.71
4.738,683.035,6175.9,1.5388,1221.47
4.74,682.831,6173.85,1.53941,1221.23
4.742,682.626,6171.8,1.54002,1221
4.744,682.422,6169.75,1.54063,1220.76
4.746,682.218,6167.7,1.54125,1220.52
4.748,682.014,6165.66,1.54186,1220.28
4.75,681.81,6163.62,1.54247,1220.05
4.752,681.607,6161.57,1.54308,1219.81
4.754,681.403,6159.53,1.5437,1219.57
4.756,681.2,6157.49,1.54431,1219.34
4.758,680.997,6155.46,1.54492,1219.1
4.76,680.794,6153.42,1.54553,1218.86
4.762,680.591,6151.39,1.54614,1218.63
4.764,680.388,6149.35,1.54675,1218.39
4.766,680.186,6147.32,1.54737,1218.15
4.768,679.983,6145.29,1.54798,1217.92
4.77,679.781,6143.26,1.54859,1217.68
4.772,679.578,6141.23,1.5492,1217.44
4.774,679.376,6139.2,1.54981,1217.21
4.776,679.174,6137.17,1.55042,1216.97
4.778,678.972,6135.15,1.55104,1216.73
4.78,678.77,6133.12,1.55165,1216.5
4.782,678.568,6131.1,1.55226,1216.26
4.784,678.367,6129.07,1.55287,1216.02
4.786,678.165,6127.05,1.55348,1215.79
4.788,677.963,6125.03,1.55409,1215.55
4.79,677.762,6123.01,1.5547,1215.31
4.792,677.56,6120.98,1.55531,1215.08
4.794,677.359,6118.96,1.55592,1214.84
4.796,677.158,6116.95,1.55653,1214.61
4.798,676.957,6114.93,1.55715,1214.38
4.8,676.756,6112.92,1.55776,1214.15
4.802,676.556,6110.91,1.55837,1213.92
4.804,676.356,6108.91,1.55898,1213.69
4.806,676.156,6106.9,1.55959,1213.46
4.808,675.957,6104.9,1.5602,1213.23
4.81,675.758,6102.91,1.56081,1212.99
4.812,675.559,6100.91,1.56142,1212.76
4.814,675.36,6098.92,1.56203,1212.53
4.816,675.162,6096.93,1.56264,1212.3
4.818,674.964,6094.94,1.56325,1212.07
4.82,674.765,6092.95,1.56386,1211.84
4.822,674.568,6090.97,1.56447,1211.61
4.824,674.37,6088.99,1.56508,1211.38
4.826,674.173,6087.01,1.56569,1211.16
4.828,673.976,6085.03,1.5663,1210.93
4.83,673.779,6083.05,1.56691,1210.7
4.832,673.582,6081.08,1.56752,1210.47
4.834,673.385,6079.11,1.56813,1210.24
4.836,673.189,6077.14,1.56874,1210.01
4.838,672.992,6075.17,1.56935,1209.78
4.84,672.796,6073.2,1.56995,1209.55
4.842,672.6,6071.24,1.57056,1209.32
4.844,672.404,6069.27,1.57117,1209.09
4.846,672.209,6067.31,1.57178,1208.86
4.848,672.013,6065.34,1.57239,1208.63
4.85,671.817,6063.38,1.573,1208.4
4.852,671.621,6061.41,1.57361,1208.16
4.854,671.425,6059.45,1.57422,1207.93
4.856,671.229,6057.49,1.57483,1207.7
4.858,671.034,6055.52,1.57544,1207.47
4.86,670.838,6053.56,1.57605,1207.24
4.862,670.642,6051.59,1.57665,1207
4.864,670.446,6049.63,1.57726,1206.77
4.866,670.25,6047.66,1.57787,1206.54
4.868,670.054,6045.7,1.57848,1206.31
4.87,669.858,6043.73,1.57909,1206.08
4.872,669.663,6041.77,1.5797,1205.85
4.874,669.467,6039.81,1.5803,1205.61
4.876,669.271,6037.84,1.58091,1205.38
4.878,669.076,6035.88,1.58152,1205.15
4.88,668.88,6033.92,1.58213,1204.92
4.882,668.685,6031.96,1.58274,1204.69
4.884,668.489,6030,1.58335,1204.46
4.886,668.294,6028.04,1.58395,1204.23
4.888,668.098,6026.08,1.58456,1204
4.89,667.903,6024.12,1.58517,1203.77
4.892,667.708,6022.16,1.58578,1203.54
4.894,667.512,6020.2,1.58638,1203.31
4.896,667.317,6018.25,1.58699,1203.08
4.898,667.122,6016.29,1.5876,1202.85
4.9,666.928,6014.34,1.58821,1202.62
4.902,666.733,6012.38,1.58881,1202.39
4.904,666.538,6010.43,1.58942,1202.16
4.906,666.344,6008.48,1.59003,1201.94
4.908,666.15,6006.54,1.59064,1201.71
4.91,665.956,6004.59,1.59124,1201.48
4.912,665.762,6002.64,1.59185,1201.25
4.914,665.568,6000.7,1.59246,1201.02
4.916,665.374,5998.75,1.59306,1200.8
4.918,665.18,5996.81,1.59367,1200.57
4.92,664.987,5994.87,1.59428,1200.34
4.922,664.793,5992.93,1.59489,1200.11
4.924,664.6,5990.99,1.59549,1199.88
4.926,664.406,5989.05,1.5961,1199.66
4.928,664.213,5987.11,1.59671,1199.43
4.93,664.02,5985.17,1.59731,1199.2
4.932,663.827,5983.24,1.59792,1198.97
4.934,663.634,5981.3,1.59853,1198.74
4.936,663.441,5979.37,1.59913,1198.52
4.938,663.248,5977.43,1.59974,1198.29
4.94,663.056,5975.5,1.60034,1198.06
4.942,662.863,5973.57,1.60095,1197.83
4.944,662.67,5971.64,1.60156,1197.6
4.946,662.478,5969.7,1.60216,1197.38
4.948,662.285,5967.77,1.60277,1197.15
4.95,662.093,5965.84,1.60337,1196.92
4.952,661.9,5963.91,1.60398,1196.69
4.954,661.708,5961.98,1.60459,1196.46
4.956,661.515,5960.05,1.60519,1196.23
4.958,661.323,5958.12,1.6058,1196.01
4.96,661.131,5956.19,1.6064,1195.78
4.962,660.938,5954.26,1.60701,1195.55
4.964,660.746,5952.34,1.60761,1195.32
4.966,660.554,5950.41,1.60822,1195.09
4.968,660.362,5948.48,1.60883,1194.87
4.97,660.17,5946.55,1.60943,1194.64
4.972,659.978,5944.63,1.61004,1194.42
4.974,659.786,5942.71,1.61064,1194.19
4.976,659.595,5940.79,1.61125,1193.97
4.978,659.404,5938.87,1.61185,1193.75
4.98,659.213,5936.96,1.61246,1193.52
4.982,659.022,5935.05,1.61306,1193.3
4.984,658.832,5933.13,1.61367,1193.08
4.986,658.641,5931.22,1.61427,1192.85
4.988,658.451,5929.32,1.61488,1192.63
4.99,658.261,5927.41,1.61548,1192.4
4.992,658.071,5925.5,1.61609,1192.18
4.994,657.881,5923.6,1.61669,1191.96
4.996,657.692,5921.7,1.61729,1191.74
4.998,657.503,5919.8,1.6179,1191.52
5,657.314,5917.91,1.6185,1191.3
5.002,657.125,5916.02,1.61911,1191.08
5.004,656.937,5914.12,1.61971,1190.86
5.006,656.748,5912.24,1.62032,1190.64
5.008,656.56,5910.35,1.62092,1190.42
5.01,656.372,5908.46,1.62152,1190.2
5.012,656.184,5906.58,1.62213,1189.98
5.014,655.997,5904.7,1.62273,1189.75
5.016,655.81,5902.82,1.62334,1189.53
5.018,655.622,5900.94,1.62394,1189.31
5.02,655.435,5899.07,1.62454,1189.1
5.022,655.249,5897.19,1.62515,1188.88
5.024,655.062,5895.32,1.62575,1188.66
5.026,654.876,5893.45,1.62636,1188.44
5.028,654.689,5891.58,1.62696,1188.22
5.03,654.503,5889.72,1.62756,1188
5.032,654.317,5887.85,1.62817,1187.78
5.034,654.132,5885.99,1.62877,1187.56
5.036,653.946,5884.13,1.62937,1187.35
5.038,653.761,5882.27,1.62998,1187.13
5.04,653.576,5880.41,1.63058,1186.91
5.042,653.39,5878.56,1.63118,1186.69
5.044,653.206,5876.7,1.63179,1186.48
5.046,653.021,5874.85,1.63239,1186.27
5.048,652.837,5873.01,1.63299,1186.05
5.05,652.654,5871.17,1.63359,1185.84
5.052,652.47,5869.33,1.6342,1185.63
5.054,652.287,5867.49,1.6348,1185.42
5.056,652.104,5865.66,1.6354,1185.2
5.058,651.922,5863.83,1.63601,1184.99
5.06,651.74,5862,1.63661,1184.78
5.062,651.558,5860.18,1.63721,1184.56
5.064,651.376,5858.35,1.63781,1184.35
5.066,651.195,5856.53,1.63842,1184.14
5.068,651.013,5854.72,1.63902,1183.93
5.07,650.832,5852.9,1.63962,1183.71
5.072,650.652,5851.08,1.64022,1183.5
5.074,650.471,5849.27,1.64082,1183.29
5.076,650.29,5847.46,1.64143,1183.07
5.078,650.11,5845.65,1.64203,1182.86
5.08,649.93,5843.84,1.64263,1182.65
5.082,649.75,5842.04,1.64323,1182.44
5.084,649.57,5840.23,1.64383,1182.22
5.086,649.39,5838.43,1.64444,1182.01
5.088,649.21,5836.63,1.64504,1181.8
5.09,649.031,5834.83,1.64564,1181.59
5.092,648.851,5833.03,1.64624,1181.37
5.094,648.672,5831.23,1.64684,1181.15
5.096,648.492,5829.42,1.64745,1180.94
5.098,648.312,5827.62,1.64805,1180.72
5.1,648.133,5825.82,1.64865,1180.5
5.102,647.953,5824.02,1.64925,1180.29
5.104,647.773,5822.21,1.64985,1180.07
5.106,647.593,5820.41,1.65045,1179.85
5.108,647.413,5818.6,1.65105,1179.64
5.11,647.233,5816.8,1.65165,1179.42
5.112,647.053,5814.99,1.65226,1179.21
5.114,646.873,5813.19,1.65286,1178.99
5.116,646.693,5811.38,1.65346,1178.77
5.118,646.513,5809.58,1.65406,1178.56
5.12,646.333,5807.77,1.65466,1178.34
5.122,646.153,5805.97,1.65526,1178.13
5.124,645.973,5804.16,1.65586,1177.91
5.126,645.794,5802.36,1.65646,1177.7
5.128,645.614,5800.56,1.65706,1177.49
5.13,645.434,5798.75,1.65766,1177.27
5.132,645.255,5796.95,1.65826,1177.06
5.134,645.075,5795.15,1.65886,1176.84
5.136,644.896,5793.35,1.65946,1176.63
5.138,644.716,5791.55,1.66006,1176.41
5.14,644.537,5789.75,1.66066,1176.2
5.142,644.358,5787.96,1.66127,1175.99
5.144,644.179,5786.16,1.66187,1175.78
5.146,644,5784.36,1.66247,1175.56
5.148,643.821,5782.57,1.66307,1175.35
5.15,643.642,5780.78,1.66367,1175.14
5.152,643.464,5778.99,1.66427,1174.93
5.154,643.286,5777.2,1.66487,1174.72
5.156,643.107,5775.42,1.66547,1174.51
5.158,642.929,5773.63,1.66606,1174.3
5.16,642.752,5771.85,1.66666,1174.09
5.162,642.574,5770.06,1.66726,1173.88
5.164,642.396,5768.28,1.66786,1173.67
5.166,642.219,5766.5,1.66846,1173.45
5.168,642.042,5764.73,1.66906,1173.24
5.17,641.864,5762.95,1.66966,1173.03
5.172,641.687,5761.17,1.67026,1172.82
5.174,641.51,5759.4,1.67086,1172.61
5.176,641.333,5757.62,1.67146,1172.4
5.178,641.157,5755.85,1.67206,1172.19
5.18,640.98,5754.08,1.67266,1171.98
5.182,640.803,5752.31,1.67326,1171.77
5.184,640.627,5750.54,1.67386,1171.56
5.186,640.451,5748.77,1.67446,1171.35
5.188,640.274,5747,1.67505,1171.14
5.19,640.098,5745.23,1.67565,1170.93
5.192,639.922,5743.46,1.67625,1170.72
5.194,639.746,5741.7,1.67685,1170.51
5.196,639.57,5739.93,1.67745,1170.29
5.198,639.394,5738.16,1.67805,1170.08
5.2,639.217,5736.4,1.67865,1169.87
5.202,639.041,5734.63,1.67924,1169.66
5.204,638.865,5732.87,1.67984,1169.45
5.206,638.69,5731.1,1.68044,1169.24
5.208,638.514,5729.34,1.68104,1169.03
5.21,638.338,5727.57,1.68164,1168.81
5.212,638.162,5725.81,1.68224,1168.6
5.214,637.986,5724.05,1.68283,1168.39
5.216,637.81,5722.28,1.68343,1168.18
5.218,637.634,5720.52,1.68403,1167.97
5.22,637.459,5718.76,1.68463,1167.76
5.222,637.283,5717,1.68523,1167.55
5.224,637.108,5715.24,1.68582,1167.34
5.226,636.932,5713.48,1.68642,1167.13
5.228,636.757,5711.72,1.68702,1166.92
5.23,636.581,5709.96,1.68762,1166.71
5.232,636.406,5708.2,1.68822,1166.5
5.234,636.231,5706.45,1.68881,1166.29
5.236,636.056,5704.69,1.68941,1166.08
5.238,635.881,5702.93,1.69001,1165.87
5.24,635.706,5701.18,1.69061,1165.66
5.242,635.531,5699.43,1.6912,1165.45
5.244,635.357,5697.67,1.6918,1165.25
5.246,635.182,5695.92,1.6924,1165.04
5.248,635.007,5694.17,1.69299,1164.83
5.25,634.833,5692.42,1.69359,1164.62
5.252,634.659,5690.68,1.69419,1164.41
5.254,634.485,5688.93,1.69479,1164.21
5.256,634.311,5687.18,1.69538,1164
5.258,634.137,5685.44,1.69598,1163.79
5.26,633.963,5683.7,1.69658,1163.58
5.262,633.789,5681.95,1.69717,1163.38
5.264,633.616,5680.21,1.69777,1163.17
5.266,633.442,5678.47,1.69837,1162.96
5.268,633.269,5676.73,1.69896,1162.75
5.27,633.096,5675,1.69956,1162.55
5.272,632.923,5673.26,1.70016,1162.34
5.274,632.75,5671.52,1.70075,1162.13
5.276,632.577,5669.79,1.70135,1161.93
5.278,632.404,5668.06,1.70194,1161.72
5.28,632.231,5666.32,1.70254,1161.51
5.282,632.059,5664.59,1.70314,1161.31
5.284,631.886,5662.86,1.70373,1161.1
5.286,631.714,5661.13,1.70433,1160.89
5.288,631.541,5659.4,1.70493,1160.69
5.29,631.369,5657.68,1.70552,1160.48
5.292,631.197,5655.95,1.70612,1160.27
5.294,631.025,5654.23,1.70671,1160.07
5.296,630.853,5652.5,1.70731,1159.87
5.298,630.682,5650.78,1.7079,1159.67
5.3,630.51,5649.06,1.7085,1159.46
5.302,630.339,5647.35,1.7091,1159.26
5.304,630.169,5645.64,1.70969,1159.06
5.306,629.998,5643.92,1.71029,1158.86
5.308,629.827,5642.21,1.71088,1158.65
5.31,629.657,5640.51,1.71148,1158.45
5.312,629.487,5638.8,1.71207,1158.25
5.314,629.317,5637.1,1.71267,1158.05
5.316,629.147,5635.39,1.71326,1157.84
5.318,628.978,5633.69,1.71386,1157.64
5.32,628.808,5631.99,1.71445,1157.45
5.322,628.639,5630.3,1.71505,1157.25
5.324,628.471,5628.61,1.71564,1157.05
5.326,628.302,5626.92,1.71624,1156.85
5.328,628.134,5625.23,1.71683,1156.65
5.33,627.967,5623.55,1.71743,1156.46
5.332,627.799,5621.87,1.71802,1156.26
5.334,627.632,5620.19,1.71862,1156.06
5.336,627.465,5618.51,1.71921,1155.86
5.338,627.298,5616.84,1.71981,1155.67
5.34,627.131,5615.17,1.7204,1155.47
5.342,626.965,5613.5,1.721,1155.27
5.344,626.798,5611.83,1.72159,1155.07
5.346,626.631,5610.16,1.72219,1154.86
5.348,626.465,5608.49,1.72278,1154.66
5.35,626.298,5606.81,1.72337,1154.45
5.352,626.131,5605.14,1.72397,1154.25
5.354,625.964,5603.47,1.72456,1154.05
5.356,625.797,5601.79,1.72516,1153.84
5.358,625.63,5600.12,1.72575,1153.64
5.36,625.463,5598.44,1.72634,1153.43
5.362,625.296,5596.77,1.72694,1153.23
5.364,625.129,5595.09,1.72753,1153.03
5.366,624.962,5593.41,1.72813,1152.82
5.368,624.795,5591.73,1.72872,1152.62
5.37,624.627,5590.06,1.72931,1152.41
5.372,624.46,5588.38,1.72991,1152.21
5.374,624.292,5586.7,1.7305,1152.01
5.376,624.125,5585.02,1.73109,1151.8
5.378,623.957,5583.33,1.73169,1151.6
5.38,623.79,5581.65,1.73228,1151.39
5.382,623.622,5579.97,1.73287,1151.19
5.384,623.454,5578.29,1.73347,1150.98
5.386,623.286,5576.61,1.73406,1150.78
5.388,623.119,5574.92,1.73465,1150.57
5.39,622.951,5573.24,1.73525,1150.37
5.392,622.783,5571.55,1.73584,1150.16
5.394,622.615,5569.87,1.73643,1149.96
5.396,622.447,5568.19,1.73703,1149.77
5.398,622.28,5566.51,1.73762,1149.57
5.4,622.113,5564.84,1.73821,1149.37
5.402,621.947,5563.17,1.73881,1149.18
5.404,621.78,5561.5,1.7394,1148.98
5.406,621.614,5559.84,1.73999,1148.78
5.408,621.448,5558.17,1.74058,1148.59
5.41,621.283,5556.51,1.74118,1148.39
5.412,621.117,5554.85,1.74177,1148.19
5.414,620.952,5553.19,1.74236,1148
5.416,620.787,5551.54,1.74295,1147.8
5.418,620.622,5549.89,1.74355,1147.61
5.42,620.458,5548.23,1.74414,1147.41
5.422,620.293,5546.58,1.74473,1147.21
5.424,620.129,5544.93,1.74532,1147.01
5.426,619.964,5543.29,1.74592,1146.82
5.428,619.8,5541.64,1.74651,1146.62
5.43,619.636,5539.99,1.7471,1146.42
5.432,619.472,5538.35,1.74769,1146.22
5.434,619.308,5536.71,1.74828,1146.03
5.436,619.145,5535.06,1.74888,1145.83
5.438,618.981,5533.42,1.74947,1145.63
5.44,618.817,5531.78,1.75006,1145.43
5.442,618.654,5530.14,1.75065,1145.24
5.444,618.49,5528.5,1.75124,1145.04
5.446,618.327,5526.86,1.75183,1144.84
5.448,618.163,5525.22,1.75243,1144.64
5.45,618,5523.58,1.75302,1144.44
5.452,617.836,5521.94,1.75361,1144.24
5.454,617.673,5520.3,1.7542,1144.04
5.456,617.509,5518.66,1.75479,1143.84
5.458,617.346,5517.02,1.75538,1143.64
5.46,617.182,5515.38,1.75597,1143.44
5.462,617.018,5513.74,1.75657,1143.24
5.464,616.855,5512.1,1.75716,1143.04
5.466,616.691,5510.46,1.75775,1142.84
5.468,616.528,5508.82,1.75834,1142.64
5.47,616.364,5507.17,1.75893,1142.44
5.472,616.201,5505.53,1.75952,1142.25
5.474,616.037,5503.89,1.76011,1142.05
5.476,615.874,5502.25,1.7607,1141.85
5.478,615.71,5500.62,1.76129,1141.65
5.48,615.547,5498.98,1.76188,1141.45
5.482,615.383,5497.34,1.76247,1141.25
5.484,615.22,5495.7,1.76306,1141.05
5.486,615.057,5494.06,1.76366,1140.86
5.488,614.894,5492.42,1.76425,1140.66
5.49,614.73,5490.79,1.76484,1140.46
5.492,614.567,5489.15,1.76543,1140.26
5.494,614.404,5487.51,1.76602,1140.06
5.496,614.241,5485.88,1.76661,1139.87
5.498,614.078,5484.24,1.7672,1139.67
5.5,613.915,5482.61,1.76779,1139.47
5.502,613.752,5480.98,1.76838,1139.27
5.504,613.589,5479.34,1.76897,1139.08
5.506,613.427,5477.71,1.76956,1138.88
5.508,613.264,5476.08,1.77015,1138.68
5.51,613.102,5474.45,1.77074,1138.49
5.512,612.939,5472.82,1.77133,1138.29
5.514,612.777,5471.19,1.77192,1138.09
5.516,612.615,5469.57,1.77251,1137.9
5.518,612.452,5467.94,1.7731,1137.7
5.52,612.29,5466.31,1.77369,1137.5
5.522,612.128,5464.69,1.77428,1137.31
5.524,611.966,5463.06,1.77486,1137.11
5.526,611.804,5461.44,1.77545,1136.91
5.528,611.642,5459.81,1.77604,1136.72
5.53,611.481,5458.19,1.77663,1136.52
5.532,611.319,5456.57,1.77722,1136.33
5.534,611.157,5454.95,1.77781,1136.13
5.536,610.996,5453.33,1.7784,1135.93
5.538,610.834,5451.71,1.77899,1135.74
5.54,610.673,5450.09,1.77958,1135.54
5.542,610.511,5448.47,1.78017,1135.34
5.544,610.35,5446.85,1.78076,1135.15
5.546,610.188,5445.23,1.78135,1134.95
5.548,610.027,5443.61,1.78193,1134.76
5.55,609.866,5442,1.78252,1134.56
5.552,609.705,5440.38,1.78311,1134.36
5.554,609.544,5438.76,1.7837,1134.17
5.556,609.382,5437.15,1.78429,1133.97
5.558,609.221,5435.53,1.78488,1133.77
5.56,609.06,5433.92,1.78547,1133.58
5.562,608.899,5432.3,1.78605,1133.38
5.564,608.739,5430.69,1.78664,1133.19
5.566,608.578,5429.07,1.78723,1132.99
5.568,608.417,5427.46,1.78782,1132.79
5.57,608.256,5425.85,1.78841,1132.6
5.572,608.095,5424.24,1.789,1132.4
5.574,607.935,5422.63,1.78958,1132.21
5.576,607.774,5421.02,1.79017,1132.02
5.578,607.614,5419.41,1.79076,1131.82
5.58,607.454,5417.8,1.79135,1131.63
5.582,607.294,5416.2,1.79194,1131.44
5.584,607.134,5414.6,1.79252,1131.25
5.586,606.975,5413,1.79311,1131.05
5.588,606.815,5411.39,1.7937,1130.86
5.59,606.655,5409.79,1.79429,1130.67
5.592,606.496,5408.2,1.79487,1130.47
5.594,606.337,5406.6,1.79546,1130.28
5.596,606.178,5405,1.79605,1130.09
5.598,606.019,5403.41,1.79664,1129.9
5.6,605.86,5401.81,1.79722,1129.71
5.602,605.701,5400.22,1.79781,1129.52
5.604,605.543,5398.63,1.7984,1129.33
5.606,605.385,5397.05,1.79899,1129.13
5.608,605.226,5395.46,1.79957,1128.94
5.61,605.068,5393.88,1.80016,1128.75
5.612,604.911,5392.29,1.80075,1128.56
5.614,604.753,5390.71,1.80134,1128.37
5.616,604.595,5389.13,1.80192,1128.18
5.618,604.438,5387.55,1.80251,1127.99
5.62,604.281,5385.98,1.8031,1127.8
5.622,604.124,5384.4,1.80368,1127.61
5.624,603.967,5382.82,1.80427,1127.42
5.626,603.809,5381.25,1.80486,1127.23
5.628,603.652,5379.67,1.80544,1127.03
5.63,603.495,5378.1,1.80603,1126.84
5.632,603.338,5376.52,1.80662,1126.65
5.634,603.181,5374.95,1.8072,1126.46
5.636,603.025,5373.38,1.80779,1126.27
5.638,602.868,5371.8,1.80838,1126.07
5.64,602.711,5370.23,1.80896,1125.88
5.642,602.554,5368.65,1.80955,1125.69
5.644,602.397,5367.08,1.81013,1125.5
5.646,602.24,5365.51,1.81072,1125.31
5.648,602.084,5363.94,1.81131,1125.11
5.65,601.927,5362.36,1.81189,1124.92
5.652,601.77,5360.79,1.81248,1124.72
5.654,601.613,5359.22,1.81306,1124.53
5.656,601.456,5357.64,1.81365,1124.34
5.658,601.299,5356.07,1.81424,1124.14
5.66,601.142,5354.49,1.81482,1123.95
5.662,600.985,5352.91,1.81541,1123.75
5.664,600.827,5351.34,1.81599,1123.56
5.666,600.67,5349.76,1.81658,1123.37
5.668,600.513,5348.18,1.81717,1123.17
5.67,600.356,5346.61,1.81775,1122.98
5.672,600.198,5345.03,1.81834,1122.78
5.674,600.041,5343.45,1.81892,1122.59
5.676,599.884,5341.87,1.81951,1122.4
5.678,599.727,5340.3,1.82009,1122.21
5.68,599.57,5338.72,1.82068,1122.01
5.682,599.412,5337.14,1.82126,1121.82
5.684,599.255,5335.57,1.82185,1121.63
5.686,599.098,5333.99,1.82243,1121.44
5.688,598.941,5332.42,1.82302,1121.24
5.69,598.784,5330.84,1.8236,1121.05
5.692,598.627,5329.27,1.82419,1120.86
5.694,598.47,5327.7,1.82477,1120.67
5.696,598.314,5326.12,1.82536,1120.47
5.698,598.157,5324.55,1.82594,1120.28
5.7,598,5322.98,1.82653,1120.09
5.702,597.843,5321.41,1.82711,1119.9
5.704,597.687,5319.84,1.8277,1119.71
5.706,597.53,5318.27,1.82828,1119.52
5.708,597.374,5316.7,1.82887,1119.33
5.71,597.218,5315.13,1.82945,1119.14
5.712,597.062,5313.57,1.83003,1118.95
5.714,596.905,5312,1.83062,1118.76
5.716,596.75,5310.44,1.8312,1118.57
5.718,596.594,5308.87,1.83179,1118.38
5.72,596.438,5307.31,1.83237,1118.19
5.722,596.282,5305.75,1.83296,1118
5.724,596.126,5304.19,1.83354,1117.81
5.726,595.971,5302.63,1.83412,1117.62
5.728,595.815,5301.07,1.83471,1117.43
5.73,595.66,5299.51,1.83529,1117.24
5.732,595.505,5297.95,1.83588,1117.05
5.734,595.35,5296.39,1.83646,1116.86
5.736,595.194,5294.84,1.83704,1116.67
5.738,595.039,5293.28,1.83763,1116.48
5.74,594.885,5291.73,1.83821,1116.29
5.742,594.73,5290.18,1.83879,1116.1
5.744,594.575,5288.62,1.83938,1115.91
5.746,594.42,5287.07,1.83996,1115.72
5.748,594.266,5285.52,1.84055,1115.53
5.75,594.111,5283.97,1.84113,1115.34
5.752,593.957,5282.42,1.84171,1115.15
5.754,593.802,5280.87,1.8423,1114.97
5.756,593.648,5279.33,1.84288,1114.78
5.758,593.494,5277.78,1.84346,1114.59
5.76,593.34,5276.23,1.84404,1114.4
5.762,593.186,5274.69,1.84463,1114.21
5.764,593.031,5273.14,1.84521,1114.02
5.766,592.878,5271.6,1.84579,1113.83
5.768,592.724,5270.06,1.84638,1113.65
5.77,592.57,5268.51,1.84696,1113.46
5.772,592.416,5266.97,1.84754,1113.27
5.774,592.262,5265.43,1.84813,1113.08
5.776,592.109,5263.89,1.84871,1112.89
5.778,591.955,5262.35,1.84929,1112.7
5.78,591.802,5260.81,1.84987,1112.52
5.782,591.649,5259.27,1.85046,1112.33
5.784,591.495,5257.74,1.85104,1112.14
5.786,591.342,5256.2,1.85162,1111.96
5.788,591.189,5254.67,1.8522,1111.77
5.79,591.036,5253.13,1.85279,1111.58
5.792,590.884,5251.6,1.85337,1111.39
5.794,590.731,5250.07,1.85395,1111.21
5.796,590.578,5248.54,1.85453,1111.02
5.798,590.426,5247.01,1.85511,1110.83
5.8,590.273,5245.48,1.8557,1110.65
5.802,590.121,5243.95,1.85628,1110.46
5.804,589.968,5242.42,1.85686,1110.27
5.806,589.816,5240.89,1.85744,1110.09
5.808,589.664,5239.37,1.85802,1109.9
5.81,589.512,5237.84,1.85861,1109.72
5.812,589.36,5236.32,1.85919,1109.53
5.814,589.208,5234.8,1.85977,1109.34
5.816,589.057,5233.28,1.86035,1109.16
5.818,588.905,5231.75,1.86093,1108.97
5.82,588.754,5230.24,1.86151,1108.79
5.822,588.602,5228.72,1.8621,1108.6
5.824,588.451,5227.2,1.86268,1108.42
5.826,588.3,5225.68,1.86326,1108.23
5.828,588.148,5224.16,1.86384,1108.04
5.83,587.997,5222.65,1.86442,1107.86
5.832,587.846,5221.13,1.865,1107.67
5.834,587.695,5219.62,1.86558,1107.49
5.836,587.544,5218.1,1.86617,1107.3
5.838,587.393,5216.59,1.86675,1107.11
5.84,587.242,5215.07,1.86733,1106.93
5.842,587.091,5213.56,1.86791,1106.74
5.844,586.94,5212.05,1.86849,1106.56
5.846,586.789,5210.53,1.86907,1106.37
5.848,586.639,5209.02,1.86965,1106.18
5.85,586.488,5207.51,1.87023,1106
5.852,586.337,5206,1.87081,1105.81
5.854,586.186,5204.49,1.87139,1105.63
5.856,586.036,5202.97,1.87197,1105.44
5.858,585.885,5201.46,1.87255,1105.25
5.86,585.735,5199.95,1.87313,1105.07
5.862,585.584,5198.44,1.87372,1104.88
5.864,585.434,5196.94,1.8743,1104.7
5.866,585.283,5195.43,1.87488,1104.51
5.868,585.133,5193.92,1.87546,1104.32
5.87,584.982,5192.41,1.87604,1104.14
5.872,584.832,5190.9,1.87662,1103.95
5.874,584.682,5189.39,1.8772,1103.77
5.876,584.532,5187.89,1.87778,1103.58
5.878,584.381,5186.38,1.87836,1103.39
5.88,584.231,5184.87,1.87894,1103.21
5.882,584.081,5183.37,1.87952,1103.03
5.884,583.931,5181.86,1.8801,1102.84
5.886,583.781,5180.36,1.88068,1102.66
5.888,583.631,5178.86,1.88126,1102.47
5.89,583.481,5177.35,1.88184,1102.29
5.892,583.332,5175.85,1.88242,1102.1
5.894,583.182,5174.35,1.883,1101.92
5.896,583.033,5172.85,1.88358,1101.74
5.898,582.883,5171.35,1.88415,1101.55
5.9,582.734,5169.85,1.88473,1101.37
5.902,582.584,5168.36,1.88531,1101.18
5.904,582.435,5166.86,1.88589,1101
5.906,582.286,5165.36,1.88647,1100.82
5.908,582.137,5163.87,1.88705,1100.63
5.91,581.988,5162.37,1.88763,1100.45
5.912,581.838,5160.87,1.88821,1100.26
5.914,581.689,5159.38,1.88879,1100.08
5.916,581.54,5157.88,1.88937,1099.89
5.918,581.391,5156.39,1.88995,1099.71
5.92,581.242,5154.9,1.89053,1099.52
5.922,581.094,5153.4,1.8911,1099.34
5.924,580.945,5151.91,1.89168,1099.15
5.926,580.796,5150.42,1.89226,1098.97
5.928,580.647,5148.92,1.89284,1098.79
5.93,580.498,5147.43,1.89342,1098.6
5.932,580.349,5145.94,1.894,1098.41
5.934,580.2,5144.44,1.89458,1098.23
5.936,580.051,5142.95,1.89516,1098.04
5.938,579.902,5141.45,1.89573,1097.85
5.94,579.753,5139.96,1.89631,1097.66
5.942,579.604,5138.46,1.89689,1097.48
5.944,579.455,5136.96,1.89747,1097.29
5.946,579.305,5135.47,1.89805,1097.1
5.948,579.156,5133.97,1.89863,1096.91
5.95,579.006,5132.47,1.8992,1096.73
5.952,578.857,5130.97,1.89978,1096.54
5.954,578.707,5129.47,1.90036,1096.35
5.956,578.558,5127.97,1.90094,1096.17
5.958,578.408,5126.47,1.90152,1095.98
5.96,578.258,5124.96,1.90209,1095.79
5.962,578.108,5123.46,1.90267,1095.6
5.964,577.959,5121.96,1.90325,1095.41
5.966,577.809,5120.46,1.90383,1095.23
5.968,577.659,5118.95,1.90441,1095.04
5.97,577.509,5117.45,1.90498,1094.85
5.972,577.359,5115.94,1.90556,1094.66
5.974,577.209,5114.44,1.90614,1094.48
5.976,577.059,5112.93,1.90672,1094.29
5.978,576.909,5111.43,1.90729,1094.1
5.98,576.759,5109.92,1.90787,1093.91
5.982,576.609,5108.42,1.90845,1093.73
5.984,576.459,5106.91,1.90902,1093.54
5.986,576.309,5105.41,1.9096,1093.36
5.988,576.159,5103.91,1.91018,1093.17
5.99,576.009,5102.41,1.91076,1092.99
5.992,575.86,5100.91,1.91133,1092.8
5.994,575.71,5099.41,1.91191,1092.62
5.996,575.561,5097.91,1.91249,1092.44
5.998,575.412,5096.41,1.91306,1092.25
6,575.262,5094.91,1.91364,1092.07
6.002,575.113,5093.42,1.91422,1091.88
6.004,574.964,5091.92,1.91479,1091.7
6.006,574.815,5090.43,1.91537,1091.52
6.008,574.666,5088.94,1.91595,1091.33
6.01,574.518,5087.45,1.91652,1091.15
6.012,574.369,5085.96,1.9171,1090.97
6.014,574.221,5084.47,1.91768,1090.79
6.016,574.072,5082.98,1.91825,1090.6
6.018,573.924,5081.49,1.91883,1090.42
6.02,573.776,5080.01,1.91941,1090.24
6.022,573.628,5078.53,1.91998,1090.06
6.024,573.481,5077.04,1.92056,1089.88
6.026,573.333,5075.56,1.92114,1089.69
6.028,573.185,5074.08,1.92171,1089.51
6.03,573.038,5072.6,1.92229,1089.33
6.032,572.891,5071.13,1.92286,1089.15
6.034,572.743,5069.65,1.92344,1088.97
6.036,572.596,5068.17,1.92402,1088.79
6.038,572.449,5066.7,1.92459,1088.6
6.04,572.302,5065.22,1.92517,1088.42
6.042,572.155,5063.75,1.92574,1088.24
6.044,572.009,5062.28,1.92632,1088.06
6.046,571.862,5060.81,1.92689,1087.88
6.048,571.715,5059.34,1.92747,1087.7
6.05,571.569,5057.87,1.92805,1087.51
6.052,571.422,5056.4,1.92862,1087.33
6.054,571.276,5054.93,1.9292,1087.15
6.056,571.13,5053.46,1.92977,1086.97
6.058,570.984,5052,1.93035,1086.79
6.06,570.837,5050.53,1.93092,1086.61
6.062,570.691,5049.07,1.9315,1086.43
6.064,570.545,5047.6,1.93207,1086.24
6.066,570.399,5046.14,1.93265,1086.06
6.068,570.253,5044.67,1.93322,1085.88
6.07,570.108,5043.21,1.9338,1085.7
6.072,569.962,5041.75,1.93437,1085.52
6.074,569.816,5040.29,1.93495,1085.34
6.076,569.67,5038.83,1.93552,1085.16
6.078,569.525,5037.37,1.9361,1084.98
6.08,569.379,5035.91,1.93667,1084.8
6.082,569.234,5034.45,1.93725,1084.61
6.084,569.088,5032.99,1.93782,1084.43
6.086,568.943,5031.53,1.9384,1084.25
6.088,568.798,5030.07,1.93897,1084.07
6.09,568.652,5028.61,1.93955,1083.89
6.092,568.507,5027.16,1.94012,1083.71
6.094,568.362,5025.7,1.9407,1083.53
6.096,568.217,5024.24,1.94127,1083.35
6.098,568.071,5022.79,1.94184,1083.16
6.1,567.926,5021.33,1.94242,1082.98
6.102,567.781,5019.88,1.94299,1082.8
6.104,567.636,5018.42,1.94357,1082.62
6.106,567.491,5016.96,1.94414,1082.44
6.108,567.346,5015.51,1.94471,1082.26
6.11,567.201,5014.06,1.94529,1082.08
6.112,567.056,5012.6,1.94586,1081.9
6.114,566.911,5011.15,1.94644,1081.71
6.116,566.766,5009.69,1.94701,1081.53
6.118,566.621,5008.24,1.94758,1081.35
6.12,566.476,5006.78,1.94816,1081.17
6.122,566.331,5005.33,1.94873,1080.99
6.124,566.186,5003.88,1.94931,1080.8
6.126,566.041,5002.42,1.94988,1080.62
6.128,565.896,5000.97,1.95045,1080.44
6.13,565.751,4999.51,1.95103,1080.26
6.132,565.606,4998.06,1.9516,1080.08
6.134,565.461,4996.6,1.95217,1079.89
6.136,565.316,4995.15,1.95275,1079.71
6.138,565.171,4993.7,1.95332,1079.53
6.14,565.026,4992.24,1.95389,1079.35
6.142,564.881,4990.79,1.95447,1079.16
6.144,564.736,4989.33,1.95504,1078.98
6.146,564.591,4987.88,1.95561,1078.8
6.148,564.446,4986.42,1.95619,1078.62
6.15,564.301,4984.97,1.95676,1078.43
6.152,564.155,4983.51,1.95733,1078.25
6.154,564.01,4982.05,1.9579,1078.07
6.156,563.865,4980.6,1.95848,1077.88
6.158,563.72,4979.14,1.95905,1077.7
6.16,563.575,4977.68,1.95962,1077.52
6.162,563.429,4976.23,1.9602,1077.34
6.164,563.284,4974.77,1.96077,1077.15
6.166,563.139,4973.31,1.96134,1076.97
6.168,562.994,4971.86,1.96191,1076.79
6.17,562.848,4970.4,1.96249,1076.61
6.172,562.703,4968.94,1.96306,1076.43
6.174,562.558,4967.49,1.96363,1076.24
6.176,562.413,4966.03,1.9642,1076.06
6.178,562.268,4964.58,1.96477,1075.88
6.18,562.123,4963.12,1.96535,1075.7
6.182,561.978,4961.67,1.96592,1075.52
6.184,561.833,4960.21,1.96649,1075.33
6.186,561.688,4958.76,1.96706,1075.15
6.188,561.543,4957.31,1.96764,1074.97
6.19,561.398,4955.85,1.96821,1074.79
6.192,561.253,4954.4,1.96878,1074.61
6.194,561.109,4952.95,1.96935,1074.43
6.196,560.964,4951.5,1.96992,1074.25
6.198,560.82,4950.05,1.97049,1074.07
6.2,560.675,4948.6,1.97107,1073.89
6.202,560.531,4947.16,1.97164,1073.72
6.204,560.387,4945.71,1.97221,1073.54
6.206,560.243,4944.27,1.97278,1073.36
6.208,560.099,4942.83,1.97335,1073.18
6.21,559.956,4941.39,1.97392,1073
6.212,559.812,4939.95,1.9745,1072.82
6.214,559.669,4938.51,1.97507,1072.65
6.216,559.525,4937.07,1.97564,1072.47
6.218,559.382,4935.63,1.97621,1072.29
6.22,559.239,4934.19,1.97678,1072.11
6.222,559.096,4932.76,1.97735,1071.93
6.224,558.953,4931.33,1.97792,1071.76
6.226,558.81,4929.89,1.97849,1071.58
6.228,558.667,4928.46,1.97906,1071.4
6.23,558.525,4927.03,1.97964,1071.22
6.232,558.382,4925.6,1.98021,1071.05
6.234,558.24,4924.17,1.98078,1070.87
6.236,558.097,4922.75,1.98135,1070.69
6.238,557.955,4921.32,1.98192,1070.51
6.24,557.813,4919.89,1.98249,1070.34
6.242,557.671,4918.47,1.98306,1070.16
6.244,557.529,4917.04,1.98363,1069.98
6.246,557.387,4915.62,1.9842,1069.8
6.248,557.244,4914.19,1.98477,1069.62
6.25,557.102,4912.76,1.98534,1069.44
6.252,556.96,4911.34,1.98591,1069.26
6.254,556.818,4909.91,1.98648,1069.07
6.256,556.675,4908.48,1.98705,1068.89
6.258,556.533,4907.05,1.98762,1068.71
6.26,556.39,4905.62,1.98819,1068.53
6.262,556.247,4904.19,1.98876,1068.35
6.264,556.105,4902.76,1.98933,1068.17
6.266,555.962,4901.33,1.9899,1067.99
6.268,555.819,4899.9,1.99047,1067.81
6.27,555.676,4898.46,1.99104,1067.62
6.272,555.534,4897.03,1.99161,1067.44
6.274,555.39,4895.59,1.99218,1067.25
6.276,555.247,4894.16,1.99275,1067.07
6.278,555.104,4892.72,1.99332,1066.89
6.28,554.96,4891.28,1.99389,1066.7
6.282,554.817,4889.84,1.99446,1066.52
6.284,554.673,4888.4,1.99503,1066.33
6.286,554.529,4886.96,1.9956,1066.15
6.288,554.385,4885.51,1.99617,1065.96
6.29,554.241,4884.07,1.99674,1065.78
6.292,554.097,4882.62,1.99731,1065.6
6.294,553.953,4881.18,1.99788,1065.41
6.296,553.809,4879.73,1.99845,1065.23
6.298,553.665,4878.28,1.99902,1065.05
6.3,553.52,4876.84,1.99959,1064.86
6.302,553.376,4875.39,2.00015,1064.68
6.304,553.232,4873.94,2.00072,1064.5
6.306,553.087,4872.5,2.00129,1064.32
6.308,552.943,4871.05,2.00186,1064.13
6.31,552.799,4869.6,2.00243,1063.95
6.312,552.655,4868.15,2.003,1063.77
6.314,552.51,4866.71,2.00357,1063.59
6.316,552.366,4865.26,2.00414,1063.4
6.318,552.222,4863.81,2.00471,1063.22
6.32,552.078,4862.37,2.00527,1063.04
6.322,551.934,4860.92,2.00584,1062.86
6.324,551.789,4859.47,2.00641,1062.68
6.326,551.645,4858.03,2.00698,1062.49
6.328,551.501,4856.58,2.00755,1062.31
6.33,551.357,4855.14,2.00812,1062.13
6.332,551.213,4853.69,2.00868,1061.95
6.334,551.069,4852.25,2.00925,1061.77
6.336,550.925,4850.81,2.00982,1061.59
6.338,550.781,4849.36,2.01039,1061.41
6.34,550.637,4847.92,2.01096,1061.22
6.342,550.494,4846.48,2.01153,1061.04
6.344,550.35,4845.04,2.01209,1060.86
6.346,550.206,4843.59,2.01266,1060.68
6.348,550.062,4842.15,2.01323,1060.5
6.35,549.919,4840.71,2.0138,1060.32
6.352,549.775,4839.27,2.01437,1060.14
6.354,549.631,4837.83,2.01493,1059.95
6.356,549.488,4836.39,2.0155,1059.77
6.358,549.344,4834.95,2.01607,1059.59
6.36,549.2,4833.51,2.01664,1059.4
6.362,549.057,4832.06,2.0172,1059.22
6.364,548.913,4830.62,2.01777,1059.04
6.366,548.769,4829.18,2.01834,1058.86
6.368,548.625,4827.74,2.01891,1058.67
6.37,548.482,4826.3,2.01947,1058.49
6.372,548.338,4824.85,2.02004,1058.31
6.374,548.194,4823.41,2.02061,1058.13
6.376,548.05,4821.97,2.02117,1057.95
6.378,547.906,4820.53,2.02174,1057.76
6.38,547.763,4819.09,2.02231,1057.58
6.382,547.619,4817.64,2.02288,1057.4
6.384,547.475,4816.2,2.02344,1057.22
6.386,547.331,4814.76,2.02401,1057.03
6.388,547.188,4813.32,2.02458,1056.85
6.39,547.044,4811.88,2.02514,1056.67
6.392,546.9,4810.44,2.02571,1056.49
6.394,546.757,4809,2.02628,1056.3
6.396,546.613,4807.55,2.02684,1056.12
6.398,546.469,4806.11,2.02741,1055.94
6.4,546.326,4804.67,2.02798,1055.76
6.402,546.182,4803.23,2.02854,1055.58
6.404,546.038,4801.79,2.02911,1055.4
6.406,545.895,4800.35,2.02968,1055.21
6.408,545.751,4798.91,2.03024,1055.03
6.41,545.608,4797.47,2.03081,1054.85
6.412,545.465,4796.04,2.03137,1054.67
6.414,545.321,4794.6,2.03194,1054.49
6.416,545.178,4793.16,2.03251,1054.31
6.418,545.035,4791.73,2.03307,1054.13
6.42,544.892,4790.29,2.03364,1053.95
6.422,544.749,4788.86,2.0342,1053.77
6.424,544.606,4787.43,2.03477,1053.59
6.426,544.463,4785.99,2.03534,1053.41
6.428,544.321,4784.56,2.0359,1053.23
6.43,544.178,4783.13,2.03647,1053.05
6.432,544.035,4781.7,2.03703,1052.87
6.434,543.893,4780.27,2.0376,1052.69
6.436,543.75,4778.84,2.03816,1052.52
6.438,543.608,4777.42,2.03873,1052.34
6.44,543.466,4775.99,2.0393,1052.16
6.442,543.324,4774.56,2.03986,1051.98
6.444,543.182,4773.14,2.04043,1051.8
6.446,543.04,4771.72,2.04099,1051.62
6.448,542.898,4770.29,2.04156,1051.44
6.45,542.756,4768.87,2.04212,1051.26
6.452,542.614,4767.45,2.04269,1051.09
6.454,542.473,4766.03,2.04325,1050.91
6.456,542.331,4764.61,2.04382,1050.73
6.458,542.19,4763.19,2.04438,1050.55
6.46,542.048,4761.77,2.04495,1050.37
6.462,541.907,4760.35,2.04551,1050.19
6.464,541.766,4758.94,2.04608,1050.02
6.466,541.625,4757.52,2.04664,1049.84
6.468,541.484,4756.11,2.04721,1049.66
6.47,541.343,4754.69,2.04777,1049.48
6.472,541.202,4753.28,2.04834,1049.3
6.474,541.061,4751.86,2.0489,1049.13
6.476,540.92,4750.45,2.04947,1048.95
6.478,540.779,4749.04,2.05003,1048.77
6.48,540.638,4747.63,2.0506,1048.59
6.482,540.498,4746.22,2.05116,1048.41
6.484,540.357,4744.81,2.05172,1048.24
6.486,540.216,4743.4,2.05229,1048.06
6.488,540.076,4741.99,2.05285,1047.88
6.49,539.936,4740.58,2.05342,1047.7
6.492,539.795,4739.17,2.05398,1047.53
6.494,539.655,4737.76,2.05454,1047.35
6.496,539.515,4736.36,2.05511,1047.17
6.498,539.375,4734.95,2.05567,1047
6.5,539.235,4733.55,2.05624,1046.82
6.502,539.095,4732.14,2.0568,1046.64
6.504,538.955,4730.74,2.05736,1046.46
6.506,538.815,4729.34,2.05793,1046.29
6.508,538.675,4727.94,2.05849,1046.11
6.51,538.535,4726.53,2.05906,1045.93
6.512,538.396,4725.13,2.05962,1045.76
6.514,538.256,4723.74,2.06018,1045.58
6.516,538.117,4722.34,2.06075,1045.41
6.518,537.978,4720.94,2.06131,1045.23
6.52,537.839,4719.55,2.06187,1045.06
6.522,537.7,4718.15,2.06244,1044.89
6.524,537.561,4716.76,2.063,1044.71
6.526,537.422,4715.37,2.06356,1044.54
6.528,537.283,4713.98,2.06413,1044.36
6.53,537.145,4712.59,2.06469,1044.19
6.532,537.006,4711.2,2.06525,1044.01
6.534,536.868,4709.81,2.06582,1043.84
6.536,536.73,4708.42,2.06638,1043.66
6.538,536.591,4707.04,2.06694,1043.49
6.54,536.454,4705.65,2.06751,1043.32
6.542,536.316,4704.27,2.06807,1043.15
6.544,536.178,4702.89,2.06863,1042.97
6.546,536.041,4701.51,2.06919,1042.8
6.548,535.903,4700.13,2.06976,1042.63
6.55,535.766,4698.76,2.07032,1042.46
6.552,535.629,4697.38,2.07088,1042.28
6.554,535.492,4696.01,2.07144,1042.11
6.556,535.355,4694.63,2.07201,1041.94
6.558,535.218,4693.26,2.07257,1041.77
6.56,535.082,4691.89,2.07313,1041.6
6.562,534.945,4690.52,2.07369,1041.42
6.564,534.809,4689.15,2.07426,1041.25
6.566,534.672,4687.79,2.07482,1041.08
6.568,534.536,4686.42,2.07538,1040.9
6.57,534.399,4685.05,2.07594,1040.73
6.572,534.263,4683.68,2.07651,1040.56
6.574,534.127,4682.32,2.07707,1040.38
6.576,533.991,4680.95,2.07763,1040.21
6.578,533.854,4679.58,2.07819,1040.04
6.58,533.718,4678.22,2.07875,1039.86
6.582,533.582,4676.85,2.07931,1039.69
6.584,533.446,4675.49,2.07988,1039.52
6.586,533.31,4674.13,2.08044,1039.34
6.588,533.174,4672.76,2.081,1039.17
6.59,533.038,4671.4,2.08156,1038.99
6.592,532.902,4670.03,2.08212,1038.82
6.594,532.766,4668.67,2.08269,1038.64
6.596,532.63,4667.3,2.08325,1038.46
6.598,532.493,4665.93,2.08381,1038.28
6.6,532.357,4664.56,2.08437,1038.11
6.602,532.22,4663.19,2.08493,1037.93
6.604,532.083,4661.82,2.08549,1037.75
6.606,531.947,4660.45,2.08605,1037.58
6.608,531.81,4659.08,2.08661,1037.4
6.61,531.673,4657.7,2.08718,1037.22
6.612,531.536,4656.33,2.08774,1037.04
6.614,531.399,4654.95,2.0883,1036.87
6.616,531.262,4653.58,2.08886,1036.69
6.618,531.124,4652.2,2.08942,1036.51
6.62,530.987,4650.82,2.08998,1036.32
6.622,530.849,4649.44,2.09054,1036.14
6.624,530.711,4648.06,2.0911,1035.96
6.626,530.573,4646.67,2.09166,1035.78
6.628,530.435,4645.29,2.09222,1035.6
6.63,530.297,4643.9,2.09278,1035.42
6.632,530.158,4642.51,2.09335,1035.24
6.634,530.02,4641.12,2.09391,1035.05
6.636,529.881,4639.73,2.09447,1034.87
6.638,529.742,4638.33,2.09503,1034.69
6.64,529.603,4636.94,2.09559,1034.51
6.642,529.464,4635.54,2.09615,1034.33
6.644,529.325,4634.15,2.09671,1034.17
6.646,529.187,4632.76,2.09727,1034
6.648,529.048,4631.38,2.09783,1033.83
6.65,528.911,4630,2.09839,1033.66
6.652,528.773,4628.62,2.09895,1033.49
6.654,528.636,4627.24,2.09951,1033.32
6.656,528.499,4625.87,2.10007,1033.15
6.658,528.363,4624.5,2.10063,1032.98
6.66,528.226,4623.13,2.10119,1032.81
6.662,528.09,4621.77,2.10175,1032.65
6.664,527.954,4620.4,2.10231,1032.48
6.666,527.819,4619.04,2.10287,1032.31
6.668,527.683,4617.69,2.10343,1032.14
6.67,527.549,4616.34,2.10399,1032.03
6.672,527.418,4615.02,2.10455,1031.92
6.674,527.289,4613.73,2.10511,1031.82
6.676,527.162,4612.46,2.10567,1031.71
6.678,527.037,4611.2,2.10623,1031.6
6.68,526.914,4609.97,2.10678,1031.5
6.682,526.794,4608.76,2.10734,1031.39
6.684,526.675,4607.57,2.1079,1031.28
6.686,526.558,4606.4,2.10846,1031.17
6.688,526.442,4605.24,2.10902,1031.07
6.69,526.329,4604.1,2.10958,1030.96
6.692,526.216,4602.97,2.11014,1030.85
6.694,526.105,4601.86,2.1107,1030.75
6.696,525.996,4600.76,2.11126,1030.66
6.698,525.889,4599.69,2.11182,1030.59
6.7,525.785,4598.65,2.11238,1030.52
6.702,525.683,4597.63,2.11294,1030.45
6.704,525.584,4596.63,2.11349,1030.38
6.706,525.487,4595.65,2.11405,1030.31
6.708,525.392,4594.7,2.11461,1030.24
6.71,525.298,4593.77,2.11517,1030.16
6.712,525.207,4592.85,2.11573,1030.09
6.714,525.118,4591.95,2.11629,1030.02
6.716,525.03,4591.07,2.11685,1029.95
6.718,524.944,4590.21,2.11741,1029.88
6.72,524.859,4589.36,2.11796,1029.81
6.722,524.776,4588.52,2.11852,1029.72
6.724,524.691,4587.67,2.11908,1029.54
6.726,524.604,4586.8,2.11964,1029.36
6.728,524.514,4585.9,2.1202,1029.18
6.73,524.421,4584.97,2.12076,1029
6.732,524.327,4584.02,2.12132,1028.82
6.734,524.23,4583.04,2.12187,1028.64
6.736,524.13,4582.05,2.12243,1028.46
6.738,524.029,4581.03,2.12299,1028.28
6.74,523.926,4580,2.12355,1028.1
6.742,523.821,4578.95,2.12411,1027.91
6.744,523.714,4577.88,2.12467,1027.73
6.746,523.606,4576.79,2.12522,1027.55
6.748,523.496,4575.69,2.12578,1027.37
6.75,523.384,4574.56,2.12634,1027.13
6.752,523.267,4573.39,2.1269,1026.86
6.754,523.145,4572.17,2.12746,1026.58
6.756,523.019,4570.9,2.12801,1026.31
6.758,522.889,4569.6,2.12857,1026.04
6.76,522.755,4568.26,2.12913,1025.77
6.762,522.617,4566.87,2.12969,1025.5
6.764,522.476,4565.46,2.13024,1025.23
6.766,522.331,4564,2.1308,1024.96
6.768,522.184,4562.52,2.13136,1024.69
6.77,522.033,4561.01,2.13192,1024.42
6.772,521.879,4559.46,2.13248,1024.15
6.774,521.722,4557.89,2.13303,1023.88
6.776,521.563,4556.3,2.13359,1023.66
6.778,521.408,4554.74,2.13415,1023.6
6.78,521.257,4553.23,2.1347,1023.53
6.782,521.112,4551.77,2.13526,1023.47
6.784,520.971,4550.36,2.13582,1023.4
6.786,520.835,4548.99,2.13638,1023.34
6.788,520.703,4547.67,2.13693,1023.27
6.79,520.574,4546.38,2.13749,1023.21
6.792,520.45,4545.14,2.13805,1023.14
6.794,520.329,4543.92,2.1386,1023.08
6.796,520.212,4542.75,2.13916,1023.01
6.798,520.098,4541.6,2.13972,1022.95
6.8,519.987,4540.49,2.14028,1022.88
6.802,519.879,4539.41,2.14083,1022.82
6.804,519.777,4538.38,2.14139,1022.9
6.806,519.683,4537.44,2.14195,1023.01
6.808,519.598,4536.59,2.1425,1023.12
6.81,519.522,4535.82,2.14306,1023.23
6.812,519.453,4535.14,2.14362,1023.34
6.814,519.392,4534.53,2.14417,1023.45
6.816,519.339,4533.99,2.14473,1023.57
6.818,519.292,4533.52,2.14528,1023.68
6.82,519.252,4533.11,2.14584,1023.79
6.822,519.218,4532.77,2.1464,1023.9
6.824,519.189,4532.49,2.14695,1024.01
6.826,519.167,4532.26,2.14751,1024.13
6.828,519.15,4532.09,2.14807,1024.24
6.83,519.138,4531.97,2.14862,1024.34
6.832,519.13,4531.89,2.14918,1024.44
6.834,519.126,4531.85,2.14974,1024.53
6.836,519.126,4531.85,2.15029,1024.63
6.838,519.129,4531.88,2.15085,1024.72
6.84,519.136,4531.95,2.15141,1024.81
6.842,519.146,4532.05,2.15196,1024.91
6.844,519.159,4532.18,2.15252,1025
6.846,519.175,4532.34,2.15308,1025.1
6.848,519.194,4532.53,2.15363,1025.19
6.85,519.215,4532.75,2.15419,1025.28
6.852,519.239,4532.99,2.15475,1025.38
6.854,519.265,4533.25,2.1553,1025.47
6.856,519.294,4533.54,2.15586,1025.57
6.858,519.325,4533.85,2.15641,1025.66
6.86,519.358,4534.18,2.15697,1025.76
6.862,519.392,4534.53,2.15753,1025.85
6.864,519.429,4534.9,2.15808,1025.95
6.866,519.468,4535.28,2.15864,1026.04
6.868,519.508,4535.69,2.1592,1026.14
6.87,519.55,4536.11,2.15975,1026.23
6.872,519.594,4536.54,2.16031,1026.33
6.874,519.639,4537,2.16087,1026.43
6.876,519.685,4537.46,2.16142,1026.52
6.878,519.733,4537.94,2.16198,1026.62
6.88,519.782,4538.43,2.16254,1026.71
6.882,519.832,4538.94,2.16309,1026.81
6.884,519.884,4539.45,2.16365,1026.9
6.886,519.936,4539.98,2.16421,1027
6.888,519.99,4540.52,2.16476,1027.09
6.89,520.044,4541.06,2.16532,1027.19
6.892,520.1,4541.62,2.16588,1027.28
6.894,520.156,4542.19,2.16644,1027.38
6.896,520.213,4542.76,2.16699,1027.47
6.898,520.271,4543.34,2.16755,1027.57
6.9,520.33,4543.93,2.16811,1027.67
6.902,520.39,4544.53,2.16866,1027.76
6.904,520.45,4545.13,2.16922,1027.86
6.906,520.511,4545.75,2.16978,1027.95
6.908,520.573,4546.36,2.17033,1028.05
6.91,520.635,4546.99,2.17089,1028.14
6.912,520.698,4547.62,2.17145,1028.24
6.914,520.761,4548.25,2.172,1028.34
6.916,520.825,4548.89,2.17256,1028.43
6.918,520.889,4549.54,2.17312,1028.53
6.92,520.954,4550.19,2.17368,1028.62
6.922,521.02,4550.85,2.17423,1028.72
6.924,521.085,4551.51,2.17479,1028.82
6.926,521.152,4552.17,2.17535,1028.91
6.928,521.218,4552.84,2.17591,1029.01
6.93,521.286,4553.51,2.17646,1029.1
6.932,521.353,4554.19,2.17702,1029.2
6.934,521.421,4554.87,2.17758,1029.3
6.936,521.489,4555.55,2.17813,1029.39
6.938,521.557,4556.24,2.17869,1029.49
6.94,521.626,4556.93,2.17925,1029.59
6.942,521.695,4557.62,2.17981,1029.68
6.944,521.765,4558.32,2.18036,1029.78
6.946,521.834,4559.02,2.18092,1029.88
6.948,521.904,4559.72,2.18148,1029.98
6.95,521.975,4560.43,2.18204,1030.07
6.952,522.045,4561.13,2.18259,1030.17
6.954,522.116,4561.84,2.18315,1030.27
6.956,522.187,4562.55,2.18371,1030.36
6.958,522.258,4563.27,2.18427,1030.46
6.96,522.329,4563.99,2.18482,1030.56
6.962,522.401,4564.7,2.18538,1030.66
6.964,522.473,4565.42,2.18594,1030.75
6.966,522.545,4566.15,2.1865,1030.85
6.968,522.617,4566.87,2.18706,1030.95
6.97,522.689,4567.59,2.18761,1031.05
6.972,522.762,4568.32,2.18817,1031.14
6.974,522.834,4569.05,2.18873,1031.24
6.976,522.907,4569.78,2.18929,1031.34
6.978,522.98,4570.51,2.18984,1031.44
6.98,523.053,4571.25,2.1904,1031.53
6.982,523.127,4571.98,2.19096,1031.63
6.984,523.2,4572.72,2.19152,1031.73
6.986,523.273,4573.45,2.19208,1031.83
6.988,523.347,4574.19,2.19263,1031.92
6.99,523.421,4574.93,2.19319,1032.02
6.992,523.495,4575.67,2.19375,1032.12
6.994,523.568,4576.41,2.19431,1032.22
6.996,523.642,4577.16,2.19487,1032.31
6.998,523.717,4577.9,2.19543,1032.41
7,523.791,4578.64,2.19598,1032.51
7.002,523.865,4579.39,2.19654,1032.6
7.004,523.939,4580.13,2.1971,1032.7
7.006,524.014,4580.88,2.19766,1032.8
7.008,524.088,4581.62,2.19822,1032.9
7.01,524.163,4582.37,2.19877,1032.99
7.012,524.237,4583.12,2.19933,1033.09
7.014,524.312,4583.87,2.19989,1033.19
7.016,524.386,4584.62,2.20045,1033.29
7.018,524.461,4585.37,2.20101,1033.38
7.02,524.536,4586.12,2.20157,1033.48
7.022,524.611,4586.87,2.20213,1033.58
7.024,524.686,4587.62,2.20268,1033.68
7.026,524.761,4588.37,2.20324,1033.78
7.028,524.836,4589.12,2.2038,1033.87
7.03,524.911,4589.88,2.20436,1033.97
7.032,524.986,4590.63,2.20492,1034.07
7.034,525.061,4591.39,2.20548,1034.17
7.036,525.137,4592.14,2.20604,1034.27
7.038,525.212,4592.9,2.20659,1034.36
7.04,525.287,4593.65,2.20715,1034.46
7.042,525.363,4594.41,2.20771,1034.56
7.044,525.438,4595.17,2.20827,1034.66
7.046,525.514,4595.92,2.20883,1034.76
7.048,525.589,4596.68,2.20939,1034.86
7.05,525.665,4597.44,2.20995,1034.95
7.052,525.741,4598.2,2.21051,1035.05
7.054,525.816,4598.96,2.21107,1035.15
7.056,525.892,4599.72,2.21162,1035.25
7.058,525.968,4600.48,2.21218,1035.35
7.06,526.044,4601.24,2.21274,1035.45
7.062,526.12,4602.01,2.2133,1035.55
7.064,526.196,4602.77,2.21386,1035.65
7.066,526.272,4603.53,2.21442,1035.75
7.068,526.349,4604.3,2.21498,1035.85
7.07,526.425,4605.06,2.21554,1035.95
7.072,526.501,4605.83,2.2161,1036.04
7.074,526.578,4606.6,2.21666,1036.14
7.076,526.654,4607.36,2.21722,1036.24
7.078,526.73,4608.13,2.21778,1036.34
7.08,526.807,4608.89,2.21833,1036.44
7.082,526.883,4609.66,2.21889,1036.54
7.084,526.96,4610.43,2.21945,1036.64
7.086,527.036,4611.2,2.22001,1036.74
7.088,527.113,4611.97,2.22057,1036.84
7.09,527.19,4612.73,2.22113,1036.94
7.092,527.266,4613.5,2.22169,1037.03
7.094,527.343,4614.27,2.22225,1037.13
7.096,527.42,4615.04,2.22281,1037.23
7.098,527.496,4615.81,2.22337,1037.33
7.1,527.573,4616.58,2.22393,1037.43
7.102,527.65,4617.35,2.22449,1037.53
7.104,527.727,4618.12,2.22505,1037.63
7.106,527.804,4618.89,2.22561,1037.73
7.108,527.88,4619.66,2.22617,1037.83
7.11,527.957,4620.43,2.22673,1037.93
7.112,528.034,4621.2,2.22729,1038.02
7.114,528.111,4621.98,2.22785,1038.12
7.116,528.188,4622.75,2.22841,1038.22
7.118,528.265,4623.52,2.22897,1038.32
7.12,528.342,4624.29,2.22953,1038.42
7.122,528.419,4625.06,2.23009,1038.52
7.124,528.496,4625.83,2.23065,1038.62
7.126,528.573,4626.61,2.23121,1038.72
7.128,528.65,4627.38,2.23177,1038.82
7.13,528.727,4628.15,2.23233,1038.92
7.132,528.804,4628.92,2.23289,1039.02
7.134,528.881,4629.7,2.23345,1039.12
7.136,528.958,4630.47,2.23401,1039.22
7.138,529.035,4631.24,2.23457,1039.32
7.14,529.112,4632.02,2.23513,1039.42
7.142,529.19,4632.79,2.23569,1039.52
7.144,529.267,4633.57,2.23625,1039.62
7.146,529.344,4634.34,2.23681,1039.71
7.148,529.422,4635.12,2.23737,1039.81
7.15,529.499,4635.9,2.23793,1039.91
7.152,529.576,4636.67,2.23849,1040.01
7.154,529.654,4637.45,2.23905,1040.11
7.156,529.731,4638.23,2.23961,1040.22
7.158,529.809,4639,2.24017,1040.32
7.16,529.886,4639.78,2.24073,1040.42
7.162,529.964,4640.56,2.24129,1040.52
7.164,530.042,4641.34,2.24185,1040.62
7.166,530.119,4642.12,2.24241,1040.72
7.168,530.197,4642.9,2.24297,1040.82
7.17,530.275,4643.68,2.24353,1040.92
7.172,530.353,4644.46,2.24409,1041.02
7.174,530.43,4645.24,2.24465,1041.12
7.176,530.508,4646.02,2.24522,1041.22
7.178,530.586,4646.8,2.24578,1041.32
7.18,530.664,4647.58,2.24634,1041.42
7.182,530.742,4648.37,2.2469,1041.52
7.184,530.82,4649.15,2.24746,1041.62
7.186,530.898,4649.93,2.24802,1041.72
7.188,530.976,4650.72,2.24858,1041.83
7.19,531.054,4651.5,2.24914,1041.93
7.192,531.133,4652.28,2.2497,1042.03
7.194,531.211,4653.07,2.25026,1042.13
7.196,531.289,4653.85,2.25082,1042.23
7.198,531.367,4654.64,2.25139,1042.33
7.2,531.446,4655.42,2.25195,1042.43
7.202,531.524,4656.21,2.25251,1042.53
7.204,531.602,4656.99,2.25307,1042.63
7.206,531.681,4657.78,2.25363,1042.73
7.208,531.759,4658.57,2.25419,1042.83
7.21,531.838,4659.35,2.25475,1042.94
7.212,531.916,4660.14,2.25531,1043.04
7.214,531.995,4660.93,2.25587,1043.14
7.216,532.073,4661.72,2.25644,1043.24
7.218,532.152,4662.5,2.257,1043.34
7.22,532.23,4663.29,2.25756,1043.44
7.222,532.309,4664.08,2.25812,1043.54
7.224,532.387,4664.87,2.25868,1043.64
7.226,532.466,4665.66,2.25924,1043.74
7.228,532.545,4666.45,2.2598,1043.84
7.23,532.623,4667.24,2.26037,1043.95
7.232,532.702,4668.02,2.26093,1044.05
7.234,532.781,4668.81,2.26149,1044.15
7.236,532.859,4669.6,2.26205,1044.25
7.238,532.938,4670.39,2.26261,1044.35
7.24,533.017,4671.18,2.26317,1044.45
7.242,533.095,4671.97,2.26373,1044.55
7.244,533.174,4672.76,2.2643,1044.65
7.246,533.253,4673.55,2.26486,1044.75
7.248,533.331,4674.34,2.26542,1044.85
7.25,533.41,4675.13,2.26598,1044.95
7.252,533.489,4675.91,2.26654,1045.05
7.254,533.567,4676.7,2.26711,1045.15
7.256,533.646,4677.49,2.26767,1045.25
7.258,533.724,4678.28,2.26823,1045.35
7.26,533.803,4679.07,2.26879,1045.45
7.262,533.882,4679.86,2.26935,1045.55
7.264,533.96,4680.65,2.26991,1045.65
7.266,534.039,4681.43,2.27048,1045.75
7.268,534.117,4682.22,2.27104,1045.85
7.27,534.196,4683.01,2.2716,1045.95
7.272,534.275,4683.8,2.27216,1046.05
7.274,534.353,4684.59,2.27273,1046.15
7.276,534.432,4685.37,2.27329,1046.25
7.278,534.51,4686.16,2.27385,1046.35
7.28,534.589,4686.95,2.27441,1046.45
7.282,534.667,4687.74,2.27497,1046.55
7.284,534.746,4688.52,2.27554,1046.65
7.286,534.824,4689.31,2.2761,1046.75
7.288,534.903,4690.1,2.27666,1046.85
7.29,534.981,4690.89,2.27722,1046.95
7.292,535.06,4691.68,2.27779,1047.05
7.294,535.139,4692.46,2.27835,1047.15
7.296,535.217,4693.25,2.27891,1047.25
7.298,535.296,4694.04,2.27947,1047.36
7.3,535.374,4694.83,2.28004,1047.46
7.302,535.453,4695.62,2.2806,1047.56
7.304,535.531,4696.4,2.28116,1047.66
7.306,535.61,4697.19,2.28172,1047.76
7.308,535.689,4697.98,2.28229,1047.86
7.31,535.767,4698.77,2.28285,1047.96
7.312,535.846,4699.56,2.28341,1048.06
7.314,535.924,4700.35,2.28397,1048.16
7.316,536.003,4701.14,2.28454,1048.26
7.318,536.082,4701.92,2.2851,1048.36
7.32,536.16,4702.71,2.28566,1048.46
7.322,536.239,4703.5,2.28622,1048.56
7.324,536.318,4704.29,2.28679,1048.66
7.326,536.397,4705.08,2.28735,1048.76
7.328,536.475,4705.87,2.28791,1048.86
7.33,536.554,4706.66,2.28848,1048.96
7.332,536.633,4707.45,2.28904,1049.06
7.334,536.711,4708.24,2.2896,1049.17
7.336,536.79,4709.03,2.29017,1049.27
7.338,536.869,4709.82,2.29073,1049.37
7.34,536.948,4710.61,2.29129,1049.47
7.342,537.026,4711.4,2.29185,1049.57
7.344,537.105,4712.19,2.29242,1049.67
7.346,537.184,4712.98,2.29298,1049.77
7.348,537.263,4713.77,2.29354,1049.87
7.35,537.342,4714.56,2.29411,1049.97
7.352,537.42,4715.35,2.29467,1050.07
7.354,537.499,4716.14,2.29523,1050.17
7.356,537.578,4716.93,2.2958,1050.27
7.358,537.657,4717.72,2.29636,1050.37
7.36,537.735,4718.51,2.29692,1050.47
7.362,537.814,4719.3,2.29749,1050.57
7.364,537.893,4720.09,2.29805,1050.67
7.366,537.972,4720.88,2.29861,1050.77
7.368,538.051,4721.67,2.29918,1050.87
7.37,538.13,4722.46,2.29974,1050.98
7.372,538.208,4723.26,2.3003,1051.08
7.374,538.287,4724.05,2.30087,1051.18
7.376,538.366,4724.84,2.30143,1051.28
7.378,538.445,4725.63,2.302,1051.38
7.38,538.524,4726.42,2.30256,1051.48
7.382,538.603,4727.21,2.30312,1051.58
7.384,538.682,4728,2.30369,1051.68
7.386,538.761,4728.79,2.30425,1051.78
7.388,538.84,4729.59,2.30481,1051.88
7.39,538.918,4730.38,2.30538,1051.98
7.392,538.997,4731.17,2.30594,1052.08
7.394,539.076,4731.96,2.30651,1052.18
7.396,539.155,4732.75,2.30707,1052.28
7.398,539.234,4733.54,2.30763,1052.38
7.4,539.313,4734.34,2.3082,1052.49
7.402,539.392,4735.13,2.30876,1052.59
7.404,539.471,4735.92,2.30932,1052.69
7.406,539.55,4736.71,2.30989,1052.79
7.408,539.629,4737.51,2.31045,1052.89
7.41,539.708,4738.3,2.31102,1052.99
7.412,539.787,4739.09,2.31158,1053.09
7.414,539.866,4739.89,2.31215,1053.19
7.416,539.946,4740.68,2.31271,1053.29
7.418,540.025,4741.47,2.31327,1053.39
7.42,540.104,4742.27,2.31384,1053.49
7.422,540.183,4743.06,2.3144,1053.6
7.424,540.262,4743.85,2.31497,1053.7
7.426,540.341,4744.65,2.31553,1053.8
7.428,540.42,4745.44,2.3161,1053.9
7.43,540.499,4746.23,2.31666,1054
7.432,540.579,4747.03,2.31722,1054.1
7.434,540.658,4747.82,2.31779,1054.2
7.436,540.737,4748.62,2.31835,1054.3
7.438,540.816,4749.41,2.31892,1054.4
7.44,540.895,4750.21,2.31948,1054.5
7.442,540.975,4751,2.32005,1054.61
7.444,541.054,4751.8,2.32061,1054.71
7.446,541.133,4752.59,2.32118,1054.81
7.448,541.213,4753.39,2.32174,1054.91
7.45,541.292,4754.18,2.3223,1055.01
7.452,541.371,4754.98,2.32287,1055.11
7.454,541.45,4755.77,2.32343,1055.21
7.456,541.53,4756.57,2.324,1055.31
7.458,541.609,4757.36,2.32456,1055.41
7.46,541.688,4758.16,2.32513,1055.51
7.462,541.768,4758.95,2.32569,1055.62
7.464,541.847,4759.75,2.32626,1055.72
7.466,541.926,4760.55,2.32682,1055.82
7.468,542.006,4761.34,2.32739,1055.92
7.47,542.085,4762.14,2.32795,1056.02
7.472,542.164,4762.93,2.32852,1056.12
7.474,542.244,4763.73,2.32908,1056.22
7.476,542.323,4764.52,2.32965,1056.32
7.478,542.402,4765.32,2.33021,1056.42
7.48,542.482,4766.12,2.33078,1056.52
7.482,542.561,4766.91,2.33134,1056.62
7.484,542.64,4767.71,2.33191,1056.72
7.486,542.719,4768.5,2.33247,1056.82
7.488,542.799,4769.3,2.33304,1056.93
7.49,542.878,4770.09,2.3336,1057.03
7.492,542.957,4770.89,2.33417,1057.13
7.494,543.037,4771.68,2.33473,1057.23
7.496,543.116,4772.48,2.3353,1057.33
7.498,543.195,4773.28,2.33587,1057.43
7.5,543.275,4774.07,2.33643,1057.53
7.502,543.354,4774.87,2.337,1057.63
7.504,543.433,4775.66,2.33756,1057.73
7.506,543.513,4776.46,2.33813,1057.83
7.508,543.592,4777.25,2.33869,1057.93
7.51,543.671,4778.05,2.33926,1058.03
7.512,543.75,4778.84,2.33982,1058.13
7.514,543.83,4779.64,2.34039,1058.23
7.516,543.909,4780.43,2.34095,1058.33
7.518,543.988,4781.23,2.34152,1058.43
7.52,544.067,4782.02,2.34209,1058.53
7.522,544.147,4782.82,2.34265,1058.63
7.524,544.226,4783.61,2.34322,1058.73
7.526,544.305,4784.41,2.34378,1058.84
7.528,544.384,4785.2,2.34435,1058.94
7.53,544.464,4786,2.34491,1059.04
7.532,544.543,4786.79,2.34548,1059.14
7.534,544.622,4787.59,2.34605,1059.24
7.536,544.701,4788.38,2.34661,1059.34
7.538,544.781,4789.18,2.34718,1059.44
7.54,544.86,4789.97,2.34774,1059.54
7.542,544.939,4790.77,2.34831,1059.64
7.544,545.019,4791.56,2.34888,1059.74
7.546,545.098,4792.36,2.34944,1059.84
7.548,545.177,4793.15,2.35001,1059.94
7.55,545.257,4793.95,2.35057,1060.04
7.552,545.336,4794.75,2.35114,1060.15
7.554,545.415,4795.54,2.35171,1060.25
7.556,545.495,4796.34,2.35227,1060.35
7.558,545.574,4797.14,2.35284,1060.45
7.56,545.654,4797.93,2.35341,1060.55
7.562,545.733,4798.73,2.35397,1060.65
7.564,545.812,4799.53,2.35454,1060.75
7.566,545.892,4800.32,2.3551,1060.85
7.568,545.971,4801.12,2.35567,1060.95
7.57,546.051,4801.92,2.35624,1061.06
7.572,546.13,4802.71,2.3568,1061.16
7.574,546.21,4803.51,2.35737,1061.26
7.576,546.289,4804.31,2.35794,1061.36
7.578,546.369,4805.11,2.3585,1061.46
7.58,546.449,4805.91,2.35907,1061.56
7.582,546.528,4806.7,2.35964,1061.66
7.584,546.608,4807.5,2.3602,1061.76
7.586,546.687,4808.3,2.36077,1061.86
7.588,546.767,4809.1,2.36134,1061.97
7.59,546.847,4809.9,2.3619,1062.07
7.592,546.926,4810.7,2.36247,1062.17
7.594,547.006,4811.5,2.36304,1062.27
7.596,547.086,4812.29,2.3636,1062.37
7.598,547.165,4813.09,2.36417,1062.47
7.6,547.245,4813.89,2.36474,1062.57
7.602,547.325,4814.69,2.3653,1062.67
7.604,547.404,4815.49,2.36587,1062.78
7.606,547.484,4816.29,2.36644,1062.88
7.608,547.564,4817.09,2.367,1062.98
7.61,547.643,4817.89,2.36757,1063.08
7.612,547.723,4818.69,2.36814,1063.18
7.614,547.803,4819.49,2.36871,1063.28
7.616,547.883,4820.29,2.36927,1063.38
7.618,547.962,4821.09,2.36984,1063.48
7.62,548.042,4821.89,2.37041,1063.58
7.622,548.122,4822.69,2.37097,1063.69
7.624,548.202,4823.49,2.37154,1063.79
7.626,548.281,4824.29,2.37211,1063.89
7.628,548.361,4825.09,2.37268,1063.99
7.63,548.441,4825.89,2.37324,1064.09
7.632,548.521,4826.69,2.37381,1064.19
7.634,548.601,4827.49,2.37438,1064.29
7.636,548.681,4828.29,2.37494,1064.39
7.638,548.76,4829.09,2.37551,1064.5
7.64,548.84,4829.9,2.37608,1064.6
7.642,548.92,4830.7,2.37665,1064.7
7.644,549,4831.5,2.37721,1064.8
7.646,549.08,4832.3,2.37778,1064.9
7.648,549.16,4833.1,2.37835,1065
7.65,549.24,4833.9,2.37892,1065.11
7.652,549.32,4834.71,2.37948,1065.21
7.654,549.4,4835.51,2.38005,1065.31
7.656,549.48,4836.31,2.38062,1065.41
7.658,549.56,4837.11,2.38119,1065.51
7.66,549.64,4837.92,2.38175,1065.61
7.662,549.72,4838.72,2.38232,1065.72
7.664,549.8,4839.52,2.38289,1065.82
7.666,549.88,4840.33,2.38346,1065.92
7.668,549.961,4841.13,2.38403,1066.02
7.67,550.041,4841.94,2.38459,1066.12
7.672,550.121,4842.74,2.38516,1066.23
7.674,550.201,4843.55,2.38573,1066.33
7.676,550.281,4844.35,2.3863,1066.43
7.678,550.362,4845.16,2.38687,1066.53
7.68,550.442,4845.96,2.38743,1066.63
7.682,550.522,4846.77,2.388,1066.74
7.684,550.603,4847.57,2.38857,1066.84
7.686,550.683,4848.38,2.38914,1066.94
7.688,550.763,4849.18,2.38971,1067.04
7.69,550.844,4849.99,2.39027,1067.14
7.692,550.924,4850.8,2.39084,1067.25
7.694,551.004,4851.6,2.39141,1067.35
7.696,551.085,4852.41,2.39198,1067.45
7.698,551.165,4853.22,2.39255,1067.55
7.7,551.246,4854.02,2.39311,1067.65
7.702,551.326,4854.83,2.39368,1067.76
7.704,551.407,4855.64,2.39425,1067.86
7.706,551.488,4856.45,2.39482,1067.96
7.708,551.568,4857.26,2.39539,1068.06
7.71,551.649,4858.06,2.39596,1068.17
7.712,551.729,4858.87,2.39653,1068.27
7.714,551.81,4859.68,2.39709,1068.37
7.716,551.891,4860.49,2.39766,1068.47
7.718,551.971,4861.3,2.39823,1068.58
7.72,552.052,4862.11,2.3988,1068.68
7.722,552.133,4862.92,2.39937,1068.78
7.724,552.213,4863.73,2.39994,1068.88
7.726,552.294,4864.54,2.40051,1068.99
7.728,552.375,4865.35,2.40107,1069.09
7.73,552.456,4866.16,2.40164,1069.19
7.732,552.537,4866.97,2.40221,1069.29
7.734,552.618,4867.78,2.40278,1069.4
7.736,552.699,4868.59,2.40335,1069.5
7.738,552.779,4869.41,2.40392,1069.6
7.74,552.86,4870.22,2.40449,1069.71
7.742,552.941,4871.03,2.40506,1069.81
7.744,553.022,4871.84,2.40562,1069.91
7.746,553.103,4872.66,2.40619,1070.01
7.748,553.184,4873.47,2.40676,1070.12
7.75,553.266,4874.28,2.40733,1070.22
7.752,553.347,4875.1,2.4079,1070.32
7.754,553.428,4875.91,2.40847,1070.43
7.756,553.509,4876.72,2.40904,1070.53
7.758,553.59,4877.54,2.40961,1070.63
7.76,553.671,4878.35,2.41018,1070.74
7.762,553.753,4879.17,2.41075,1070.84
7.764,553.834,4879.98,2.41132,1070.94
7.766,553.915,4880.8,2.41188,1071.04
7.768,553.996,4881.61,2.41245,1071.15
7.77,554.078,4882.43,2.41302,1071.25
7.772,554.159,4883.24,2.41359,1071.35
7.774,554.24,4884.06,2.41416,1071.46
7.776,554.322,4884.88,2.41473,1071.56
7.778,554.403,4885.69,2.4153,1071.66
7.78,554.485,4886.51,2.41587,1071.77
7.782,554.566,4887.32,2.41644,1071.87
7.784,554.647,4888.14,2.41701,1071.97
7.786,554.729,4888.96,2.41758,1072.07
7.788,554.81,4889.77,2.41815,1072.18
7.79,554.892,4890.59,2.41872,1072.28
7.792,554.973,4891.41,2.41929,1072.38
7.794,555.055,4892.23,2.41986,1072.49
7.796,555.136,4893.04,2.42043,1072.59
7.798,555.218,4893.86,2.421,1072.69
7.8,555.299,4894.68,2.42157,1072.8
7.802,555.381,4895.5,2.42214,1072.9
7.804,555.462,4896.31,2.42271,1073
7.806,555.544,4897.13,2.42328,1073.1
7.808,555.625,4897.95,2.42384,1073.21
7.81,555.707,4898.77,2.42441,1073.31
7.812,555.788,4899.59,2.42498,1073.41
7.814,555.87,4900.4,2.42555,1073.52
7.816,555.952,4901.22,2.42612,1073.62
7.818,556.033,4902.04,2.42669,1073.72
7.82,556.115,4902.86,2.42726,1073.83
7.822,556.196,4903.68,2.42783,1073.93
7.824,556.278,4904.5,2.4284,1074.03
7.826,556.36,4905.32,2.42897,1074.13
7.828,556.441,4906.13,2.42955,1074.24
7.83,556.523,4906.95,2.43012,1074.34
7.832,556.605,4907.77,2.43069,1074.44
7.834,556.686,4908.59,2.43126,1074.55
7.836,556.768,4909.41,2.43183,1074.65
7.838,556.85,4910.23,2.4324,1074.75
7.84,556.931,4911.05,2.43297,1074.86
7.842,557.013,4911.87,2.43354,1074.96
7.844,557.095,4912.69,2.43411,1075.06
7.846,557.177,4913.51,2.43468,1075.16
7.848,557.258,4914.33,2.43525,1075.27
7.85,557.34,4915.15,2.43582,1075.37
7.852,557.422,4915.97,2.43639,1075.47
7.854,557.503,4916.79,2.43696,1075.58
7.856,557.585,4917.61,2.43753,1075.68
7.858,557.667,4918.43,2.4381,1075.78
7.86,557.748,4919.25,2.43867,1075.88
7.862,557.83,4920.06,2.43924,1075.99
7.864,557.912,4920.88,2.43981,1076.09
7.866,557.993,4921.7,2.44038,1076.19
7.868,558.075,4922.52,2.44095,1076.29
7.87,558.157,4923.34,2.44152,1076.4
7.872,558.238,4924.16,2.4421,1076.5
7.874,558.32,4924.98,2.44267,1076.6
7.876,558.401,4925.8,2.44324,1076.7
7.878,558.483,4926.61,2.44381,1076.8
7.88,558.564,4927.43,2.44438,1076.9
7.882,558.646,4928.25,2.44495,1077.01
7.884,558.727,4929.07,2.44552,1077.11
7.886,558.809,4929.88,2.44609,1077.21
7.888,558.89,4930.7,2.44666,1077.31
7.89,558.972,4931.52,2.44723,1077.41
7.892,559.053,4932.33,2.44781,1077.52
7.894,559.135,4933.15,2.44838,1077.62
7.896,559.216,4933.96,2.44895,1077.72
7.898,559.297,4934.78,2.44952,1077.82
7.9,559.379,4935.6,2.45009,1077.92
7.902,559.46,4936.41,2.45066,1078.03
7.904,559.541,4937.23,2.45123,1078.13
7.906,559.623,4938.05,2.4518,1078.23
7.908,559.704,4938.86,2.45237,1078.33
7.91,559.785,4939.68,2.45295,1078.44
7.912,559.867,4940.49,2.45352,1078.54
7.914,559.948,4941.31,2.45409,1078.64
7.916,560.029,4942.12,2.45466,1078.74
7.918,560.111,4942.94,2.45523,1078.84
7.92,560.192,4943.76,2.4558,1078.95
7.922,560.273,4944.57,2.45637,1079.05
7.924,560.355,4945.39,2.45695,1079.15
7.926,560.436,4946.21,2.45752,1079.26
7.928,560.518,4947.02,2.45809,1079.36
7.93,560.599,4947.84,2.45866,1079.46
7.932,560.681,4948.66,2.45923,1079.57
7.934,560.762,4949.48,2.4598,1079.67
7.936,560.844,4950.29,2.46038,1079.77
7.938,560.926,4951.11,2.46095,1079.88
7.94,561.007,4951.93,2.46152,1079.98
7.942,561.089,4952.75,2.46209,1080.08
7.944,561.171,4953.57,2.46266,1080.19
7.946,561.252,4954.39,2.46324,1080.29
7.948,561.334,4955.21,2.46381,1080.39
7.95,561.416,4956.03,2.46438,1080.5
7.952,561.498,4956.85,2.46495,1080.6
7.954,561.58,4957.67,2.46552,1080.7
7.956,561.662,4958.5,2.46609,1080.81
7.958,561.744,4959.32,2.46667,1080.91
7.96,561.826,4960.14,2.46724,1081.02
7.962,561.908,4960.97,2.46781,1081.12
7.964,561.99,4961.79,2.46838,1081.23
7.966,562.072,4962.61,2.46896,1081.33
7.968,562.154,4963.44,2.46953,1081.43
7.97,562.237,4964.26,2.4701,1081.54
7.972,562.319,4965.09,2.47067,1081.64
7.974,562.401,4965.91,2.47124,1081.75
7.976,562.484,4966.74,2.47182,1081.85
7.978,562.566,4967.57,2.47239,1081.95
7.98,562.648,4968.39,2.47296,1082.06
7.982,562.731,4969.22,2.47353,1082.16
7.984,562.813,4970.05,2.47411,1082.27
7.986,562.896,4970.87,2.47468,1082.37
7.988,562.978,4971.7,2.47525,1082.47
7.99,563.061,4972.53,2.47582,1082.58
7.992,563.143,4973.36,2.4764,1082.68
7.994,563.226,4974.19,2.47697,1082.79
7.996,563.308,4975.01,2.47754,1082.89
7.998,563.391,4975.84,2.47811,1083
8,563.474,4976.67,2.47869,1083.1
8.002,563.556,4977.5,2.47926,1083.2
8.004,563.639,4978.33,2.47983,1083.31
8.006,563.722,4979.16,2.4804,1083.41
8.008,563.804,4979.99,2.48098,1083.52
8.01,563.887,4980.82,2.48155,1083.62
8.012,563.97,4981.65,2.48212,1083.72
8.014,564.052,4982.48,2.4827,1083.83
8.016,564.135,4983.31,2.48327,1083.93
8.018,564.218,4984.14,2.48384,1084.03
8.02,564.301,4984.97,2.48441,1084.14
8.022,564.383,4985.8,2.48499,1084.24
8.024,564.466,4986.63,2.48556,1084.35
8.026,564.549,4987.46,2.48613,1084.45
8.028,564.632,4988.29,2.48671,1084.55
8.03,564.714,4989.12,2.48728,1084.66
8.032,564.797,4989.95,2.48785,1084.76
8.034,564.88,4990.78,2.48843,1084.87
8.036,564.963,4991.61,2.489,1084.97
8.038,565.046,4992.44,2.48957,1085.07
8.04,565.128,4993.27,2.49015,1085.18
8.042,565.211,4994.1,2.49072,1085.28
8.044,565.294,4994.93,2.49129,1085.39
8.046,565.377,4995.76,2.49187,1085.49
8.048,565.46,4996.59,2.49244,1085.59
8.05,565.543,4997.42,2.49301,1085.7
8.052,565.625,4998.25,2.49359,1085.8
8.054,565.708,4999.09,2.49416,1085.9
8.056,565.791,4999.92,2.49473,1086.01
8.058,565.874,5000.75,2.49531,1086.11
8.06,565.957,5001.58,2.49588,1086.21
8.062,566.04,5002.41,2.49645,1086.32
8.064,566.122,5003.24,2.49703,1086.42
8.066,566.205,5004.07,2.4976,1086.52
8.068,566.288,5004.9,2.49817,1086.63
8.07,566.371,5005.73,2.49875,1086.73
8.072,566.454,5006.56,2.49932,1086.84
8.074,566.536,5007.39,2.4999,1086.94
8.076,566.619,5008.22,2.50047,1087.04
8.078,566.702,5009.05,2.50104,1087.15
8.08,566.785,5009.88,2.50162,1087.25
8.082,566.867,5010.71,2.50219,1087.35
8.084,566.95,5011.54,2.50276,1087.45
8.086,567.033,5012.37,2.50334,1087.56
8.088,567.115,5013.2,2.50391,1087.66
8.09,567.198,5014.03,2.50449,1087.76
8.092,567.281,5014.86,2.50506,1087.87
8.094,567.363,5015.68,2.50563,1087.97
8.096,567.446,5016.51,2.50621,1088.07
8.098,567.528,5017.34,2.50678,1088.18
8.1,567.611,5018.17,2.50736,1088.28
8.102,567.694,5019,2.50793,1088.38
8.104,567.776,5019.83,2.50851,1088.48
8.106,567.859,5020.65,2.50908,1088.59
8.108,567.941,5021.48,2.50965,1088.69
8.11,568.024,5022.31,2.51023,1088.79
8.112,568.106,5023.14,2.5108,1088.9
8.114,568.189,5023.97,2.51138,1089
8.116,568.272,5024.8,2.51195,1089.1
8.118,568.354,5025.62,2.51253,1089.21
8.12,568.437,5026.45,2.5131,1089.31
8.122,568.519,5027.28,2.51367,1089.41
8.124,568.602,5028.11,2.51425,1089.52
8.126,568.685,5028.94,2.51482,1089.62
8.128,568.767,5029.77,2.5154,1089.72
8.13,568.85,5030.6,2.51597,1089.83
8.132,568.933,5031.43,2.51655,1089.93
8.134,569.015,5032.25,2.51712,1090.04
8.136,569.098,5033.08,2.5177,1090.14
8.138,569.181,5033.91,2.51827,1090.24
8.14,569.263,5034.74,2.51885,1090.35
8.142,569.346,5035.57,2.51942,1090.45
8.144,569.429,5036.4,2.51999,1090.55
8.146,569.512,5037.23,2.52057,1090.66
8.148,569.594,5038.06,2.52114,1090.76
8.15,569.677,5038.89,2.52172,1090.87
8.152,569.76,5039.72,2.52229,1090.97
8.154,569.843,5040.55,2.52287,1091.07
8.156,569.925,5041.38,2.52344,1091.18
8.158,570.008,5042.22,2.52402,1091.28
8.16,570.091,5043.05,2.52459,1091.38
8.162,570.174,5043.88,2.52517,1091.49
8.164,570.257,5044.71,2.52574,1091.59
8.166,570.34,5045.54,2.52632,1091.7
8.168,570.423,5046.37,2.52689,1091.8
8.17,570.505,5047.2,2.52747,1091.9
8.172,570.588,5048.03,2.52804,1092.01
8.174,570.671,5048.86,2.52862,1092.11
8.176,570.754,5049.7,2.5292,1092.21
8.178,570.837,5050.53,2.52977,1092.32
8.18,570.92,5051.36,2.53035,1092.42
8.182,571.003,5052.19,2.53092,1092.52
8.184,571.086,5053.02,2.5315,1092.63
8.186,571.169,5053.85,2.53207,1092.73
8.188,571.252,5054.69,2.53265,1092.83
8.19,571.334,5055.52,2.53322,1092.94
8.192,571.417,5056.35,2.5338,1093.04
8.194,571.5,5057.18,2.53437,1093.14
8.196,571.583,5058.01,2.53495,1093.25
8.198,571.666,5058.84,2.53552,1093.35
8.2,571.749,5059.67,2.5361,1093.45
8.202,571.832,5060.5,2.53668,1093.56
8.204,571.914,5061.33,2.53725,1093.66
8.206,571.997,5062.16,2.53783,1093.76
8.208,572.08,5062.99,2.5384,1093.87
8.21,572.163,5063.83,2.53898,1093.97
8.212,572.246,5064.66,2.53955,1094.07
8.214,572.328,5065.49,2.54013,1094.18
8.216,572.411,5066.32,2.54071,1094.28
8.218,572.494,5067.15,2.54128,1094.38
8.22,572.577,5067.98,2.54186,1094.48
8.222,572.66,5068.81,2.54243,1094.59
8.224,572.743,5069.64,2.54301,1094.69
8.226,572.825,5070.47,2.54359,1094.79
8.228,572.908,5071.3,2.54416,1094.9
8.23,572.991,5072.13,2.54474,1095
8.232,573.074,5072.96,2.54531,1095.1
8.234,573.157,5073.79,2.54589,1095.21
8.236,573.239,5074.62,2.54647,1095.31
8.238,573.322,5075.46,2.54704,1095.42
8.24,573.405,5076.29,2.54762,1095.52
8.242,573.488,5077.12,2.54819,1095.62
8.244,573.571,5077.95,2.54877,1095.73
8.246,573.654,5078.78,2.54935,1095.83
8.248,573.737,5079.62,2.54992,1095.94
8.25,573.82,5080.45,2.5505,1096.04
8.252,573.903,5081.28,2.55108,1096.14
8.254,573.986,5082.11,2.55165,1096.25
8.256,574.069,5082.95,2.55223,1096.35
8.258,574.152,5083.78,2.5528,1096.46
8.26,574.236,5084.61,2.55338,1096.56
8.262,574.319,5085.45,2.55396,1096.67
8.264,574.402,5086.28,2.55453,1096.77
8.266,574.485,5087.12,2.55511,1096.87
8.268,574.568,5087.95,2.55569,1096.98
8.27,574.652,5088.79,2.55626,1097.08
8.272,574.735,5089.62,2.55684,1097.19
8.274,574.818,5090.46,2.55742,1097.29
8.276,574.902,5091.3,2.55799,1097.4
8.278,574.985,5092.13,2.55857,1097.5
8.28,575.069,5092.97,2.55915,1097.61
8.282,575.152,5093.81,2.55972,1097.71
8.284,575.236,5094.65,2.5603,1097.82
8.286,575.319,5095.48,2.56088,1097.92
8.288,575.403,5096.32,2.56145,1098.03
8.29,575.486,5097.16,2.56203,1098.13
8.292,575.57,5098,2.56261,1098.23
8.294,575.653,5098.84,2.56319,1098.34
8.296,575.737,5099.67,2.56376,1098.44
8.298,575.82,5100.51,2.56434,1098.55
8.3,575.904,5101.35,2.56492,1098.65
8.302,575.988,5102.19,2.56549,1098.76
8.304,576.071,5103.03,2.56607,1098.86
8.306,576.155,5103.87,2.56665,1098.97
8.308,576.239,5104.71,2.56723,1099.07
8.31,576.322,5105.55,2.5678,1099.17
8.312,576.406,5106.39,2.56838,1099.28
8.314,576.49,5107.23,2.56896,1099.38
8.316,576.574,5108.07,2.56953,1099.49
8.318,576.657,5108.91,2.57011,1099.59
8.32,576.741,5109.74,2.57069,1099.7
8.322,576.825,5110.58,2.57127,1099.8
8.324,576.908,5111.42,2.57184,1099.9
8.326,576.992,5112.26,2.57242,1100.01
8.328,577.076,5113.1,2.573,1100.11
8.33,577.16,5113.94,2.57358,1100.22
8.332,577.243,5114.78,2.57415,1100.32
8.334,577.327,5115.62,2.57473,1100.43
8.336,577.411,5116.46,2.57531,1100.53
8.338,577.495,5117.3,2.57589,1100.63
8.34,577.578,5118.14,2.57646,1100.74
8.342,577.662,5118.98,2.57704,1100.84
8.344,577.746,5119.83,2.57762,1100.95
8.346,577.83,5120.67,2.5782,1101.05
8.348,577.914,5121.51,2.57877,1101.16
8.35,577.997,5122.35,2.57935,1101.26
8.352,578.081,5123.19,2.57993,1101.36
8.354,578.165,5124.03,2.58051,1101.47
8.356,578.249,5124.87,2.58109,1101.57
8.358,578.333,5125.71,2.58166,1101.68
8.36,578.416,5126.55,2.58224,1101.78
8.362,578.5,5127.39,2.58282,1101.89
8.364,578.584,5128.23,2.5834,1101.99
8.366,578.668,5129.07,2.58398,1102.1
8.368,578.752,5129.92,2.58455,1102.2
8.37,578.836,5130.76,2.58513,1102.3
8.372,578.92,5131.6,2.58571,1102.41
8.374,579.004,5132.44,2.58629,1102.51
8.376,579.088,5133.28,2.58687,1102.62
8.378,579.172,5134.13,2.58744,1102.72
8.38,579.256,5134.97,2.58802,1102.83
8.382,579.34,5135.81,2.5886,1102.93
8.384,579.424,5136.65,2.58918,1103.04
8.386,579.508,5137.49,2.58976,1103.14
8.388,579.592,5138.34,2.59034,1103.25
8.39,579.676,5139.18,2.59091,1103.35
8.392,579.76,5140.02,2.59149,1103.46
8.394,579.844,5140.87,2.59207,1103.56
8.396,579.928,5141.71,2.59265,1103.66
8.398,580.012,5142.55,2.59323,1103.77
8.4,580.096,5143.4,2.59381,1103.87
8.402,580.18,5144.24,2.59438,1103.98
8.404,580.264,5145.08,2.59496,1104.08
8.406,580.348,5145.93,2.59554,1104.19
8.408,580.432,5146.77,2.59612,1104.29
8.41,580.516,5147.61,2.5967,1104.4
8.412,580.6,5148.46,2.59728,1104.5
8.414,580.684,5149.3,2.59786,1104.61
8.416,580.769,5150.14,2.59844,1104.71
8.418,580.853,5150.99,2.59901,1104.81
8.42,580.937,5151.83,2.59959,1104.92
8.422,581.021,5152.68,2.60017,1105.02
8.424,581.105,5153.52,2.60075,1105.13
8.426,581.189,5154.36,2.60133,1105.23
8.428,581.273,5155.21,2.60191,1105.34
8.43,581.358,5156.05,2.60249,1105.44
8.432,581.442,5156.9,2.60307,1105.55
8.434,581.526,5157.74,2.60365,1105.65
8.436,581.61,5158.58,2.60422,1105.76
8.438,581.694,5159.43,2.6048,1105.86
8.44,581.779,5160.27,2.60538,1105.96
8.442,581.863,5161.12,2.60596,1106.07
8.444,581.947,5161.96,2.60654,1106.17
8.446,582.031,5162.81,2.60712,1106.28
8.448,582.115,5163.65,2.6077,1106.38
8.45,582.2,5164.5,2.60828,1106.49
8.452,582.284,5165.34,2.60886,1106.59
8.454,582.368,5166.19,2.60944,1106.7
8.456,582.452,5167.03,2.61002,1106.8
8.458,582.537,5167.88,2.6106,1106.91
8.46,582.621,5168.72,2.61118,1107.01
8.462,582.705,5169.57,2.61175,1107.12
8.464,582.789,5170.41,2.61233,1107.22
8.466,582.874,5171.26,2.61291,1107.32
8.468,582.958,5172.1,2.61349,1107.43
8.47,583.042,5172.95,2.61407,1107.53
8.472,583.127,5173.79,2.61465,1107.64
8.474,583.211,5174.64,2.61523,1107.74
8.476,583.295,5175.49,2.61581,1107.85
8.478,583.38,5176.33,2.61639,1107.95
8.48,583.464,5177.18,2.61697,1108.06
8.482,583.548,5178.03,2.61755,1108.16
8.484,583.633,5178.87,2.61813,1108.27
8.486,583.717,5179.72,2.61871,1108.37
8.488,583.802,5180.57,2.61929,1108.48
8.49,583.886,5181.41,2.61987,1108.58
8.492,583.97,5182.26,2.62045,1108.69
8.494,584.055,5183.11,2.62103,1108.79
8.496,584.139,5183.95,2.62161,1108.9
8.498,584.224,5184.8,2.62219,1109
8.5,584.308,5185.65,2.62277,1109.11
8.502,584.393,5186.49,2.62335,1109.21
8.504,584.477,5187.34,2.62393,1109.32
8.506,584.562,5188.19,2.62451,1109.42
8.508,584.646,5189.04,2.62509,1109.52
8.51,584.731,5189.88,2.62567,1109.63
8.512,584.815,5190.73,2.62625,1109.73
8.514,584.899,5191.58,2.62683,1109.84
8.516,584.984,5192.42,2.62741,1109.94
8.518,585.068,5193.27,2.62799,1110.05
8.52,585.153,5194.12,2.62857,1110.15
8.522,585.237,5194.96,2.62915,1110.26
8.524,585.322,5195.81,2.62973,1110.36
8.526,585.406,5196.66,2.63031,1110.46
8.528,585.49,5197.5,2.63089,1110.57
8.53,585.575,5198.35,2.63147,1110.67
8.532,585.659,5199.2,2.63205,1110.78
8.534,585.744,5200.04,2.63263,1110.88
8.536,585.828,5200.89,2.63321,1110.99
8.538,585.912,5201.74,2.63379,1111.09
8.54,585.997,5202.58,2.63437,1111.19
8.542,586.081,5203.43,2.63496,1111.3
8.544,586.165,5204.28,2.63554,1111.4
8.546,586.25,5205.12,2.63612,1111.51
8.548,586.334,5205.97,2.6367,1111.61
8.55,586.419,5206.81,2.63728,1111.72
8.552,586.503,5207.66,2.63786,1111.82
8.554,586.587,5208.51,2.63844,1111.92
8.556,586.672,5209.35,2.63902,1112.03
8.558,586.756,5210.2,2.6396,1112.13
8.56,586.84,5211.05,2.64018,1112.24
8.562,586.925,5211.89,2.64076,1112.34
8.564,587.009,5212.74,2.64134,1112.45
8.566,587.094,5213.58,2.64192,1112.55
8.568,587.178,5214.43,2.64251,1112.65
8.57,587.262,5215.28,2.64309,1112.76
8.572,587.347,5216.12,2.64367,1112.86
8.574,587.431,5216.97,2.64425,1112.97
8.576,587.515,5217.82,2.64483,1113.07
8.578,587.6,5218.66,2.64541,1113.18
8.58,587.684,5219.51,2.64599,1113.28
8.582,587.769,5220.36,2.64657,1113.38
8.584,587.853,5221.2,2.64715,1113.49
8.586,587.937,5222.05,2.64774,1113.59
8.588,588.022,5222.89,2.64832,1113.7
8.59,588.106,5223.74,2.6489,1113.8
8.592,588.191,5224.59,2.64948,1113.91
8.594,588.275,5225.43,2.65006,1114.01
8.596,588.36,5226.28,2.65064,1114.12
8.598,588.444,5227.13,2.65122,1114.22
8.6,588.528,5227.98,2.65181,1114.32
8.602,588.613,5228.82,2.65239,1114.43
8.604,588.697,5229.67,2.65297,1114.53
8.606,588.782,5230.52,2.65355,1114.64
8.608,588.866,5231.36,2.65413,1114.74
8.61,588.951,5232.21,2.65471,1114.85
8.612,589.035,5233.06,2.65529,1114.95
8.614,589.12,5233.91,2.65588,1115.06
8.616,589.204,5234.75,2.65646,1115.16
8.618,589.289,5235.6,2.65704,1115.26
8.62,589.373,5236.45,2.65762,1115.37
8.622,589.458,5237.3,2.6582,1115.47
8.624,589.542,5238.14,2.65878,1115.58
8.626,589.627,5238.99,2.65937,1115.68
8.628,589.711,5239.84,2.65995,1115.79
8.63,589.796,5240.69,2.66053,1115.89
8.632,589.88,5241.53,2.66111,1116
8.634,589.965,5242.38,2.66169,1116.1
8.636,590.049,5243.23,2.66228,1116.21
8.638,590.134,5244.08,2.66286,1116.31
8.64,590.219,5244.93,2.66344,1116.42
8.642,590.303,5245.78,2.66402,1116.52
8.644,590.388,5246.63,2.6646,1116.62
8.646,590.472,5247.47,2.66519,1116.73
8.648,590.557,5248.32,2.66577,1116.83
8.65,590.642,5249.17,2.66635,1116.94
8.652,590.726,5250.02,2.66693,1117.04
8.654,590.811,5250.87,2.66752,1117.15
8.656,590.896,5251.72,2.6681,1117.25
8.658,590.98,5252.57,2.66868,1117.36
8.66,591.065,5253.42,2.66926,1117.46
8.662,591.15,5254.27,2.66984,1117.57
8.664,591.234,5255.12,2.67043,1117.67
8.666,591.319,5255.97,2.67101,1117.78
8.668,591.404,5256.82,2.67159,1117.88
8.67,591.488,5257.67,2.67217,1117.99
8.672,591.573,5258.52,2.67276,1118.09
8.674,591.658,5259.37,2.67334,1118.2
8.676,591.743,5260.22,2.67392,1118.3
8.678,591.827,5261.07,2.6745,1118.4
8.68,591.912,5261.92,2.67509,1118.51
8.682,591.997,5262.77,2.67567,1118.61
8.684,592.082,5263.62,2.67625,1118.72
8.686,592.166,5264.47,2.67684,1118.82
8.688,592.251,5265.32,2.67742,1118.93
8.69,592.336,5266.16,2.678,1119.03
8.692,592.42,5267.01,2.67858,1119.13
8.694,592.505,5267.86,2.67917,1119.24
8.696,592.59,5268.71,2.67975,1119.34
8.698,592.675,5269.56,2.68033,1119.45
8.7,592.759,5270.41,2.68091,1119.55
8.702,592.844,5271.26,2.6815,1119.66
8.704,592.929,5272.11,2.68208,1119.76
8.706,593.013,5272.96,2.68266,1119.86
8.708,593.098,5273.81,2.68325,1119.97
8.71,593.183,5274.66,2.68383,1120.07
8.712,593.267,5275.51,2.68441,1120.18
8.714,593.352,5276.36,2.685,1120.28
8.716,593.437,5277.21,2.68558,1120.38
8.718,593.521,5278.06,2.68616,1120.49
8.72,593.606,5278.9,2.68675,1120.59
8.722,593.691,5279.75,2.68733,1120.7
8.724,593.775,5280.6,2.68791,1120.8
8.726,593.86,5281.45,2.6885,1120.91
8.728,593.945,5282.3,2.68908,1121.01
8.73,594.029,5283.15,2.68966,1121.11
8.732,594.114,5284,2.69025,1121.22
8.734,594.199,5284.85,2.69083,1121.32
8.736,594.283,5285.7,2.69141,1121.43
8.738,594.368,5286.55,2.692,1121.53
8.74,594.453,5287.4,2.69258,1121.64
8.742,594.537,5288.25,2.69316,1121.74
8.744,594.622,5289.1,2.69375,1121.85
8.746,594.707,5289.95,2.69433,1121.95
8.748,594.792,5290.8,2.69491,1122.05
8.75,594.876,5291.65,2.6955,1122.16
8.752,594.961,5292.5,2.69608,1122.26
8.754,595.046,5293.35,2.69666,1122.37
8.756,595.131,5294.2,2.69725,1122.47
8.758,595.215,5295.05,2.69783,1122.58
8.76,595.3,5295.9,2.69842,1122.68
8.762,595.385,5296.75,2.699,1122.79
8.764,595.47,5297.6,2.69958,1122.89
8.766,595.555,5298.45,2.70017,1123
8.768,595.639,5299.3,2.70075,1123.1
8.77,595.724,5300.15,2.70133,1123.21
8.772,595.809,5301,2.70192,1123.31
8.774,595.894,5301.86,2.7025,1123.42
8.776,595.979,5302.71,2.70309,1123.52
8.778,596.064,5303.56,2.70367,1123.63
8.78,596.149,5304.41,2.70425,1123.73
8.782,596.234,5305.26,2.70484,1123.83
8.784,596.319,5306.11,2.70542,1123.94
8.786,596.404,5306.97,2.70601,1124.04
8.788,596.489,5307.82,2.70659,1124.15
8.79,596.574,5308.67,2.70718,1124.25
8.792,596.658,5309.52,2.70776,1124.36
8.794,596.743,5310.37,2.70834,1124.46
8.796,596.828,5311.23,2.70893,1124.57
8.798,596.913,5312.08,2.70951,1124.67
8.8,596.998,5312.93,2.7101,1124.78
8.802,597.084,5313.79,2.71068,1124.88
8.804,597.169,5314.64,2.71127,1124.99
8.806,597.254,5315.49,2.71185,1125.09
8.808,597.339,5316.34,2.71243,1125.2
8.81,597.424,5317.2,2.71302,1125.3
8.812,597.509,5318.05,2.7136,1125.41
8.814,597.594,5318.9,2.71419,1125.51
8.816,597.679,5319.76,2.71477,1125.62
8.818,597.764,5320.61,2.71536,1125.72
8.82,597.849,5321.46,2.71594,1125.83
8.822,597.934,5322.32,2.71653,1125.93
8.824,598.019,5323.17,2.71711,1126.03
8.826,598.105,5324.03,2.7177,1126.14
8.828,598.19,5324.88,2.71828,1126.24
8.83,598.275,5325.73,2.71887,1126.35
8.832,598.36,5326.59,2.71945,1126.46
8.834,598.445,5327.44,2.72004,1126.56
8.836,598.53,5328.3,2.72062,1126.67
8.838,598.616,5329.15,2.72121,1126.77
8.84,598.701,5330.01,2.72179,1126.88
8.842,598.786,5330.86,2.72238,1126.98
8.844,598.872,5331.72,2.72296,1127.09
8.846,598.957,5332.58,2.72355,1127.19
8.848,599.042,5333.43,2.72413,1127.3
8.85,599.128,5334.29,2.72472,1127.4
8.852,599.213,5335.14,2.7253,1127.51
8.854,599.298,5336,2.72589,1127.61
8.856,599.384,5336.86,2.72647,1127.72
8.858,599.469,5337.72,2.72706,1127.83
8.86,599.555,5338.57,2.72764,1127.93
8.862,599.64,5339.43,2.72823,1128.04
8.864,599.726,5340.29,2.72881,1128.14
8.866,599.812,5341.15,2.7294,1128.25
8.868,599.897,5342.01,2.72998,1128.35
8.87,599.983,5342.87,2.73057,1128.46
8.872,600.068,5343.73,2.73115,1128.57
8.874,600.154,5344.59,2.73174,1128.67
8.876,600.24,5345.45,2.73232,1128.78
8.878,600.326,5346.31,2.73291,1128.88
8.88,600.412,5347.17,2.7335,1128.99
8.882,600.497,5348.03,2.73408,1129.1
8.884,600.583,5348.89,2.73467,1129.2
8.886,600.669,5349.75,2.73525,1129.31
8.888,600.755,5350.61,2.73584,1129.41
8.89,600.841,5351.47,2.73642,1129.52
8.892,600.927,5352.33,2.73701,1129.63
8.894,601.013,5353.2,2.73759,1129.73
8.896,601.099,5354.06,2.73818,1129.84
8.898,601.185,5354.92,2.73877,1129.95
8.9,601.271,5355.79,2.73935,1130.05
8.902,601.357,5356.65,2.73994,1130.16
8.904,601.443,5357.51,2.74052,1130.26
8.906,601.529,5358.37,2.74111,1130.37
8.908,601.615,5359.24,2.7417,1130.47
8.91,601.701,5360.1,2.74228,1130.58
8.912,601.787,5360.97,2.74287,1130.69
8.914,601.873,5361.83,2.74345,1130.79
8.916,601.96,5362.69,2.74404,1130.9
8.918,602.046,5363.56,2.74463,1131
8.92,602.132,5364.42,2.74521,1131.11
8.922,602.218,5365.28,2.7458,1131.21
8.924,602.304,5366.15,2.74638,1131.32
8.926,602.39,5367.01,2.74697,1131.43
8.928,602.476,5367.88,2.74756,1131.53
8.93,602.562,5368.74,2.74814,1131.64
8.932,602.649,5369.6,2.74873,1131.74
8.934,602.735,5370.47,2.74932,1131.85
8.936,602.821,5371.33,2.7499,1131.95
8.938,602.907,5372.2,2.75049,1132.06
8.94,602.993,5373.06,2.75107,1132.16
8.942,603.079,5373.92,2.75166,1132.27
8.944,603.165,5374.79,2.75225,1132.37
8.946,603.251,5375.65,2.75283,1132.48
8.948,603.338,5376.52,2.75342,1132.59
8.95,603.424,5377.38,2.75401,1132.69
8.952,603.51,5378.24,2.75459,1132.8
8.954,603.596,5379.11,2.75518,1132.9
8.956,603.682,5379.97,2.75577,1133.01
8.958,603.768,5380.83,2.75635,1133.11
8.96,603.854,5381.7,2.75694,1133.22
8.962,603.94,5382.56,2.75753,1133.32
8.964,604.026,5383.42,2.75811,1133.43
8.966,604.113,5384.29,2.7587,1133.53
8.968,604.199,5385.15,2.75929,1133.64
8.97,604.285,5386.02,2.75987,1133.75
8.972,604.371,5386.88,2.76046,1133.85
8.974,604.457,5387.74,2.76105,1133.96
8.976,604.543,5388.61,2.76163,1134.06
8.978,604.629,5389.47,2.76222,1134.17
8.98,604.715,5390.33,2.76281,1134.27
8.982,604.802,5391.2,2.7634,1134.38
8.984,604.888,5392.06,2.76398,1134.48
8.986,604.974,5392.93,2.76457,1134.59
8.988,605.06,5393.79,2.76516,1134.69
8.99,605.146,5394.65,2.76574,1134.8
8.992,605.232,5395.52,2.76633,1134.9
8.994,605.318,5396.38,2.76692,1135.01
8.996,605.404,5397.24,2.76751,1135.11
8.998,605.49,5398.11,2.76809,1135.22
9,605.576,5398.97,2.76868,1135.32
9.002,605.662,5399.83,2.76927,1135.43
9.004,605.748,5400.7,2.76985,1135.53
9.006,605.834,5401.56,2.77044,1135.64
9.008,605.921,5402.42,2.77103,1135.74
9.01,606.007,5403.29,2.77162,1135.85
9.012,606.093,5404.15,2.7722,1135.95
9.014,606.179,5405.01,2.77279,1136.06
9.016,606.265,5405.87,2.77338,1136.16
9.018,606.351,5406.74,2.77397,1136.27
9.02,606.436,5407.6,2.77455,1136.37
9.022,606.522,5408.46,2.77514,1136.48
9.024,606.608,5409.32,2.77573,1136.58
9.026,606.694,5410.18,2.77632,1136.69
9.028,606.78,5411.05,2.77691,1136.79
9.03,606.866,5411.91,2.77749,1136.9
9.032,606.952,5412.77,2.77808,1137
9.034,607.038,5413.63,2.77867,1137.11
9.036,607.124,5414.49,2.77926,1137.21
9.038,607.21,5415.35,2.77984,1137.32
9.04,607.296,5416.22,2.78043,1137.42
9.042,607.382,5417.08,2.78102,1137.53
9.044,607.467,5417.94,2.78161,1137.63
9.046,607.553,5418.8,2.7822,1137.74
9.048,607.639,5419.66,2.78278,1137.84
9.05,607.725,5420.52,2.78337,1137.95
9.052,607.811,5421.39,2.78396,1138.05
9.054,607.897,5422.25,2.78455,1138.16
9.056,607.983,5423.11,2.78514,1138.26
9.058,608.069,5423.97,2.78572,1138.37
9.06,608.155,5424.84,2.78631,1138.47
9.062,608.241,5425.7,2.7869,1138.58
9.064,608.327,5426.56,2.78749,1138.68
9.066,608.413,5427.42,2.78808,1138.79
9.068,608.499,5428.29,2.78867,1138.89
9.07,608.585,5429.15,2.78925,1139
9.072,608.671,5430.01,2.78984,1139.1
9.074,608.757,5430.87,2.79043,1139.21
9.076,608.843,5431.74,2.79102,1139.31
9.078,608.929,5432.6,2.79161,1139.42
9.08,609.015,5433.46,2.7922,1139.53
9.082,609.101,5434.32,2.79278,1139.63
9.084,609.187,5435.19,2.79337,1139.74
9.086,609.273,5436.05,2.79396,1139.84
9.088,609.359,5436.91,2.79455,1139.95
9.09,609.445,5437.78,2.79514,1140.05
9.092,609.531,5438.64,2.79573,1140.15
9.094,609.617,5439.5,2.79632,1140.26
9.096,609.703,5440.36,2.7969,1140.36
9.098,609.789,5441.23,2.79749,1140.47
9.1,609.875,5442.09,2.79808,1140.57
9.102,609.961,5442.95,2.79867,1140.68
9.104,610.047,5443.81,2.79926,1140.78
9.106,610.133,5444.68,2.79985,1140.89
9.108,610.219,5445.54,2.80044,1140.99
9.11,610.305,5446.4,2.80103,1141.1
9.112,610.391,5447.26,2.80161,1141.2
9.114,610.477,5448.13,2.8022,1141.31
9.116,610.563,5448.99,2.80279,1141.42
9.118,610.649,5449.85,2.80338,1141.52
9.12,610.735,5450.72,2.80397,1141.63
9.122,610.821,5451.58,2.80456,1141.73
9.124,610.908,5452.44,2.80515,1141.84
9.126,610.994,5453.31,2.80574,1141.94
9.128,611.08,5454.17,2.80633,1142.05
9.13,611.166,5455.03,2.80692,1142.15
9.132,611.252,5455.9,2.80751,1142.26
9.134,611.338,5456.76,2.80809,1142.36
9.136,611.424,5457.63,2.80868,1142.47
9.138,611.51,5458.49,2.80927,1142.57
9.14,611.597,5459.35,2.80986,1142.68
9.142,611.683,5460.22,2.81045,1142.79
9.144,611.769,5461.08,2.81104,1142.89
9.146,611.855,5461.95,2.81163,1143
9.148,611.941,5462.81,2.81222,1143.1
9.15,612.028,5463.68,2.81281,1143.21
9.152,612.114,5464.55,2.8134,1143.31
9.154,612.2,5465.41,2.81399,1143.42
9.156,612.287,5466.28,2.81458,1143.53
9.158,612.373,5467.14,2.81517,1143.63
9.16,612.46,5468.01,2.81576,1143.74
9.162,612.546,5468.88,2.81635,1143.84
9.164,612.632,5469.74,2.81694,1143.95
9.166,612.719,5470.61,2.81753,1144.05
9.168,612.805,5471.48,2.81812,1144.16
9.17,612.892,5472.35,2.81871,1144.27
9.172,612.978,5473.21,2.8193,1144.37
9.174,613.065,5474.08,2.81989,1144.48
9.176,613.151,5474.95,2.82047,1144.58
9.178,613.238,5475.82,2.82106,1144.69
9.18,613.324,5476.68,2.82165,1144.79
9.182,613.411,5477.55,2.82224,1144.9
9.184,613.497,5478.42,2.82283,1145.01
9.186,613.584,5479.29,2.82342,1145.11
9.188,613.671,5480.16,2.82401,1145.22
9.19,613.757,5481.03,2.8246,1145.32
9.192,613.844,5481.89,2.82519,1145.43
9.194,613.93,5482.76,2.82578,1145.53
9.196,614.017,5483.63,2.82637,1145.64
9.198,614.104,5484.5,2.82697,1145.75
9.2,614.19,5485.37,2.82756,1145.85
9.202,614.277,5486.24,2.82815,1145.96
9.204,614.363,5487.11,2.82874,1146.06
9.206,614.45,5487.98,2.82933,1146.17
9.208,614.537,5488.84,2.82992,1146.27
9.21,614.623,5489.71,2.83051,1146.38
9.212,614.71,5490.58,2.8311,1146.48
9.214,614.796,5491.45,2.83169,1146.59
9.216,614.883,5492.32,2.83228,1146.69
9.218,614.97,5493.19,2.83287,1146.8
9.22,615.056,5494.06,2.83346,1146.9
9.222,615.143,5494.93,2.83405,1147.01
9.224,615.23,5495.79,2.83464,1147.12
9.226,615.316,5496.66,2.83523,1147.22
9.228,615.403,5497.53,2.83582,1147.33
9.23,615.489,5498.4,2.83641,1147.43
9.232,615.576,5499.27,2.837,1147.54
9.234,615.663,5500.14,2.83759,1147.64
9.236,615.749,5501.01,2.83818,1147.75
9.238,615.836,5501.88,2.83877,1147.85
9.24,615.922,5502.74,2.83937,1147.96
9.242,616.009,5503.61,2.83996,1148.06
9.244,616.096,5504.48,2.84055,1148.17
9.246,616.182,5505.35,2.84114,1148.28
9.248,616.269,5506.22,2.84173,1148.38
9.25,616.356,5507.09,2.84232,1148.49
9.252,616.442,5507.96,2.84291,1148.59
9.254,616.529,5508.83,2.8435,1148.7
9.256,616.616,5509.7,2.84409,1148.8
9.258,616.703,5510.57,2.84468,1148.91
9.26,616.789,5511.44,2.84527,1149.02
9.262,616.876,5512.31,2.84587,1149.12
9.264,616.963,5513.18,2.84646,1149.23
9.266,617.05,5514.05,2.84705,1149.33
9.268,617.136,5514.92,2.84764,1149.44
9.27,617.223,5515.79,2.84823,1149.55
9.272,617.31,5516.66,2.84882,1149.65
9.274,617.397,5517.53,2.84941,1149.76
9.276,617.484,5518.4,2.85,1149.86
9.278,617.57,5519.27,2.8506,1149.97
9.28,617.657,5520.15,2.85119,1150.08
9.282,617.744,5521.02,2.85178,1150.18
9.284,617.831,5521.89,2.85237,1150.29
9.286,617.918,5522.76,2.85296,1150.39
9.288,618.005,5523.63,2.85355,1150.5
9.29,618.092,5524.51,2.85414,1150.61
9.292,618.179,5525.38,2.85474,1150.71
9.294,618.266,5526.25,2.85533,1150.82
9.296,618.353,5527.12,2.85592,1150.92
9.298,618.44,5528,2.85651,1151.03
9.3,618.527,5528.87,2.8571,1151.14
9.302,618.614,5529.74,2.85769,1151.24
9.304,618.701,5530.62,2.85829,1151.35
9.306,618.788,5531.49,2.85888,1151.46
9.308,618.875,5532.36,2.85947,1151.56
9.31,618.962,5533.24,2.86006,1151.67
9.312,619.05,5534.11,2.86065,1151.77
9.314,619.137,5534.98,2.86124,1151.88
9.316,619.224,5535.86,2.86184,1151.99
9.318,619.311,5536.73,2.86243,1152.09
9.32,619.398,5537.61,2.86302,1152.2
9.322,619.486,5538.48,2.86361,1152.3
9.324,619.573,5539.36,2.8642,1152.41
9.326,619.66,5540.23,2.8648,1152.52
9.328,619.747,5541.11,2.86539,1152.62
9.33,619.835,5541.98,2.86598,1152.73
9.332,619.922,5542.86,2.86657,1152.84
9.334,620.009,5543.73,2.86716,1152.94
9.336,620.096,5544.61,2.86776,1153.05
9.338,620.184,5545.49,2.86835,1153.16
9.34,620.271,5546.36,2.86894,1153.26
9.342,620.358,5547.24,2.86953,1153.37
9.344,620.446,5548.11,2.87013,1153.47
9.346,620.533,5548.99,2.87072,1153.58
9.348,620.62,5549.87,2.87131,1153.69
9.35,620.708,5550.74,2.8719,1153.79
9.352,620.795,5551.62,2.8725,1153.9
9.354,620.883,5552.5,2.87309,1154.01
9.356,620.97,5553.37,2.87368,1154.11
9.358,621.058,5554.25,2.87427,1154.22
9.36,621.145,5555.13,2.87486,1154.33
9.362,621.233,5556.01,2.87546,1154.43
9.364,621.32,5556.88,2.87605,1154.54
9.366,621.408,5557.76,2.87664,1154.65
9.368,621.495,5558.64,2.87724,1154.75
9.37,621.583,5559.52,2.87783,1154.86
9.372,621.67,5560.4,2.87842,1154.96
9.374,621.758,5561.27,2.87901,1155.07
9.376,621.845,5562.15,2.87961,1155.18
9.378,621.933,5563.03,2.8802,1155.28
9.38,622.021,5563.91,2.88079,1155.39
9.382,622.108,5564.79,2.88138,1155.5
9.384,622.196,5565.67,2.88198,1155.6
9.386,622.283,5566.55,2.88257,1155.71
9.388,622.371,5567.42,2.88316,1155.82
9.39,622.459,5568.3,2.88376,1155.92
9.392,622.546,5569.18,2.88435,1156.03
9.394,622.634,5570.06,2.88494,1156.14
9.396,622.722,5570.94,2.88554,1156.24
9.398,622.809,5571.82,2.88613,1156.35
9.4,622.897,5572.7,2.88672,1156.45
9.402,622.984,5573.58,2.88731,1156.56
9.404,623.072,5574.46,2.88791,1156.67
9.406,623.16,5575.34,2.8885,1156.77
9.408,623.247,5576.22,2.88909,1156.88
9.41,623.335,5577.09,2.88969,1156.98
9.412,623.423,5577.97,2.89028,1157.09
9.414,623.51,5578.85,2.89087,1157.2
9.416,623.598,5579.73,2.89147,1157.3
9.418,623.686,5580.61,2.89206,1157.41
9.42,623.773,5581.49,2.89265,1157.52
9.422,623.861,5582.37,2.89325,1157.62
9.424,623.949,5583.25,2.89384,1157.73
9.426,624.036,5584.13,2.89443,1157.83
9.428,624.124,5585.01,2.89503,1157.94
9.43,624.212,5585.89,2.89562,1158.05
9.432,624.299,5586.77,2.89622,1158.15
9.434,624.387,5587.64,2.89681,1158.26
9.436,624.475,5588.52,2.8974,1158.36
9.438,624.562,5589.4,2.898,1158.47
9.44,624.65,5590.28,2.89859,1158.58
9.442,624.738,5591.16,2.89918,1158.68
9.444,624.825,5592.04,2.89978,1158.79
9.446,624.913,5592.92,2.90037,1158.9
9.448,625.001,5593.8,2.90096,1159
9.45,625.088,5594.68,2.90156,1159.11
9.452,625.176,5595.56,2.90215,1159.21
9.454,625.264,5596.44,2.90275,1159.32
9.456,625.351,5597.32,2.90334,1159.43
9.458,625.439,5598.2,2.90393,1159.53
9.46,625.527,5599.08,2.90453,1159.64
9.462,625.614,5599.95,2.90512,1159.74
9.464,625.702,5600.83,2.90572,1159.85
9.466,625.79,5601.71,2.90631,1159.96
9.468,625.877,5602.59,2.9069,1160.06
9.47,625.965,5603.47,2.9075,1160.17
9.472,626.052,5604.35,2.90809,1160.27
9.474,626.14,5605.23,2.90869,1160.38
9.476,626.228,5606.11,2.90928,1160.48
9.478,626.315,5606.99,2.90988,1160.59
9.48,626.403,5607.86,2.91047,1160.7
9.482,626.49,5608.74,2.91106,1160.8
9.484,626.578,5609.62,2.91166,1160.91
9.486,626.666,5610.5,2.91225,1161.01
9.488,626.753,5611.38,2.91285,1161.12
9.49,626.841,5612.26,2.91344,1161.22
9.492,626.928,5613.13,2.91404,1161.33
9.494,627.016,5614.01,2.91463,1161.44
9.496,627.103,5614.89,2.91522,1161.54
9.498,627.191,5615.77,2.91582,1161.65
9.5,627.278,5616.65,2.91641,1161.75
9.502,627.366,5617.53,2.91701,1161.86
9.504,627.454,5618.4,2.9176,1161.96
9.506,627.541,5619.28,2.9182,1162.07
9.508,627.629,5620.16,2.91879,1162.18
9.51,627.716,5621.04,2.91939,1162.28
9.512,627.804,5621.92,2.91998,1162.39
9.514,627.891,5622.79,2.92058,1162.49
9.516,627.979,5623.67,2.92117,1162.6
9.518,628.067,5624.55,2.92177,1162.71
9.52,628.154,5625.43,2.92236,1162.81
9.522,628.242,5626.31,2.92296,1162.92
9.524,628.329,5627.19,2.92355,1163.03
9.526,628.417,5628.07,2.92415,1163.13
9.528,628.505,5628.95,2.92474,1163.24
9.53,628.593,5629.83,2.92534,1163.35
9.532,628.68,5630.71,2.92593,1163.45
9.534,628.768,5631.59,2.92653,1163.56
9.536,628.856,5632.47,2.92712,1163.67
9.538,628.944,5633.35,2.92772,1163.77
9.54,629.031,5634.23,2.92831,1163.88
9.542,629.119,5635.11,2.92891,1163.99
9.544,629.207,5635.99,2.9295,1164.09
9.546,629.295,5636.88,2.9301,1164.2
9.548,629.383,5637.76,2.93069,1164.31
9.55,629.471,5638.64,2.93129,1164.42
9.552,629.559,5639.53,2.93188,1164.52
9.554,629.648,5640.41,2.93248,1164.63
9.556,629.736,5641.29,2.93307,1164.74
9.558,629.824,5642.18,2.93367,1164.85
9.56,629.912,5643.07,2.93426,1164.96
9.562,630.001,5643.95,2.93486,1165.06
9.564,630.089,5644.84,2.93546,1165.17
9.566,630.177,5645.72,2.93605,1165.28
9.568,630.266,5646.61,2.93665,1165.39
9.57,630.354,5647.5,2.93724,1165.5
9.572,630.443,5648.39,2.93784,1165.61
9.574,630.532,5649.28,2.93843,1165.72
9.576,630.621,5650.17,2.93903,1165.83
9.578,630.71,5651.06,2.93962,1165.94
9.58,630.799,5651.95,2.94022,1166.05
9.582,630.888,5652.85,2.94082,1166.16
9.584,630.977,5653.74,2.94141,1166.27
9.586,631.066,5654.64,2.94201,1166.38
9.588,631.155,5655.53,2.9426,1166.49
9.59,631.245,5656.43,2.9432,1166.6
9.592,631.334,5657.33,2.9438,1166.71
9.594,631.424,5658.22,2.94439,1166.82
9.596,631.513,5659.12,2.94499,1166.93
9.598,631.603,5660.03,2.94558,1167.04
9.6,631.693,5660.93,2.94618,1167.15
9.602,631.783,5661.83,2.94678,1167.27
9.604,631.873,5662.74,2.94737,1167.38
9.606,631.964,5663.64,2.94797,1167.49
9.608,632.054,5664.55,2.94856,1167.6
9.61,632.144,5665.45,2.94916,1167.71
9.612,632.235,5666.36,2.94976,1167.83
9.614,632.326,5667.27,2.95035,1167.94
9.616,632.416,5668.18,2.95095,1168.05
9.618,632.507,5669.09,2.95154,1168.16
9.62,632.598,5670.01,2.95214,1168.27
9.622,632.689,5670.92,2.95274,1168.39
9.624,632.78,5671.83,2.95333,1168.5
9.626,632.872,5672.75,2.95393,1168.61
9.628,632.963,5673.67,2.95453,1168.73
9.63,633.054,5674.58,2.95512,1168.84
9.632,633.146,5675.5,2.95572,1168.95
9.634,633.238,5676.42,2.95632,1169.06
9.636,633.329,5677.34,2.95691,1169.18
9.638,633.421,5678.26,2.95751,1169.29
9.64,633.513,5679.18,2.95811,1169.4
9.642,633.605,5680.1,2.9587,1169.52
9.644,633.697,5681.02,2.9593,1169.63
9.646,633.789,5681.95,2.9599,1169.74
9.648,633.881,5682.87,2.96049,1169.85
9.65,633.973,5683.8,2.96109,1169.97
9.652,634.065,5684.72,2.96169,1170.08
9.654,634.158,5685.65,2.96228,1170.19
9.656,634.25,5686.57,2.96288,1170.3
9.658,634.342,5687.5,2.96348,1170.42
9.66,634.435,5688.43,2.96407,1170.53
9.662,634.527,5689.35,2.96467,1170.64
9.664,634.62,5690.28,2.96527,1170.75
9.666,634.712,5691.21,2.96587,1170.87
9.668,634.805,5692.14,2.96646,1170.98
9.67,634.897,5693.07,2.96706,1171.09
9.672,634.99,5694,2.96766,1171.21
9.674,635.083,5694.93,2.96825,1171.32
9.676,635.176,5695.86,2.96885,1171.43
9.678,635.269,5696.79,2.96945,1171.55
9.68,635.362,5697.72,2.97005,1171.66
9.682,635.455,5698.66,2.97064,1171.77
9.684,635.548,5699.59,2.97124,1171.89
9.686,635.641,5700.52,2.97184,1172
9.688,635.734,5701.46,2.97243,1172.11
9.69,635.827,5702.39,2.97303,1172.23
9.692,635.92,5703.33,2.97363,1172.34
9.694,636.013,5704.26,2.97423,1172.44
9.696,636.106,5705.19,2.97482,1172.54
9.698,636.198,5706.12,2.97542,1172.64
9.7,636.29,5707.04,2.97602,1172.75
9.702,636.382,5707.96,2.97662,1172.85
9.704,636.474,5708.88,2.97721,1172.95
9.706,636.565,5709.8,2.97781,1173.06
9.708,636.656,5710.71,2.97841,1173.16
9.71,636.747,5711.62,2.97901,1173.26
9.712,636.838,5712.53,2.9796,1173.37
9.714,636.928,5713.44,2.9802,1173.47
9.716,637.019,5714.34,2.9808,1173.57
9.718,637.109,5715.25,2.9814,1173.68
9.72,637.199,5716.15,2.982,1173.78
9.722,637.289,5717.06,2.98259,1173.89
9.724,637.379,5717.96,2.98319,1174
9.726,637.469,5718.86,2.98379,1174.1
9.728,637.559,5719.76,2.98439,1174.21
9.73,637.648,5720.66,2.98499,1174.31
9.732,637.738,5721.56,2.98558,1174.42
9.734,637.828,5722.46,2.98618,1174.53
9.736,637.917,5723.36,2.98678,1174.63
9.738,638.007,5724.26,2.98738,1174.74
9.74,638.097,5725.16,2.98798,1174.85
9.742,638.031,5724.49,2.98857,1154.04
9.744,636.665,5710.8,2.98917,1107.29
9.746,633.824,5682.3,2.98977,1060.6
9.748,629.574,5639.67,2.99037,1014
9.75,623.984,5583.6,2.99096,967.525
9.752,617.125,5514.81,2.99155,921.214
9.754,609.068,5434,2.99214,875.099
9.756,599.886,5341.89,2.99273,829.212
9.758,589.65,5239.22,2.99331,783.584
9.76,578.432,5126.71,2.99389,738.247
9.762,566.305,5005.07,2.99447,693.229
9.764,553.339,4875.02,2.99504,648.558
9.766,539.606,4737.27,2.99561,604.264
9.768,524.889,4589.66,2.99617,531.863
9.77,508.309,4423.36,2.99672,444.639
9.772,489.961,4239.32,2.99727,358.459
9.774,470.03,4039.41,2.99781,273.452
9.776,448.706,3825.53,2.99835,189.743
9.778,426.181,3599.59,2.99887,107.455
9.78,402.645,3363.52,2.99939,26.7114
9.782,378.772,3124.07,2.99956,0
9.784,356.201,2897.68,2.99956,0
9.786,334.976,2684.79,2.99956,0
9.788,315.015,2484.57,2.99956,0
9.79,296.243,2296.29,2.99956,0
9.792,278.591,2119.23,2.99956,0
9.794,261.99,1952.72,2.99956,0
9.796,246.378,1796.13,2.99956,0
9.798,231.697,1648.87,2.99956,0
9.8,217.89,1510.39,2.99956,0
9.802,204.906,1380.16,2.99956,0
9.804,192.696,1257.69,2.99956,0
9.806,181.214,1142.52,2.99956,0
9.808,170.415,1034.21,2.99956,0
9.81,160.26,932.351,2.99956,0
9.812,150.711,836.565,2.99956,0
9.814,141.73,746.486,2.99956,0
9.816,133.284,661.776,2.99956,0
9.818,125.342,582.113,2.99956,0
9.82,117.873,507.197,2.99956,0
9.822,110.849,436.745,2.99956,0
9.824,104.244,370.492,2.99956,0
9.826,98.032,308.186,2.99956,0
9.828,92.1904,249.594,2.99956,0
9.83,86.6968,194.492,2.99956,0
9.832,81.5307,142.674,2.99956,0
9.834,76.6723,93.9444,2.99956,0
9.836,72.1035,48.1181,2.99956,0
9.838,67.8069,5.02246,2.99956,0
9.84,63.7664,0,2.99956,0
9.842,59.9666,0,2.99956,0
9.844,56.3933,0,2.99956,0
9.846,53.0328,0,2.99956,0
9.848,49.8727,0,2.99956,0
9.85,46.9008,0,2.99956,0
9.852,44.106,0,2.99956,0
9.854,41.4778,0,2.99956,0
9.856,39.0062,0,2.99956,0
9.858,36.6819,0,2.99956,0
9.86,34.496,0,2.99956,0
9.862,32.4404,0,2.99956,0
9.864,30.5073,0,2.99956,0
9.866,28.6894,0,2.99956,0
9.868,26.9799,0,2.99956,0
9.87,25.3722,0,2.99956,0
9.872,23.8603,0,2.99956,0
9.874,22.4385,0,2.99956,0
